Id;DESCRIPCION;NUMERO_PROCESO;ESTADO;TIPO_PROCESO;UNIDAD_CONTRATACION;VALOR_ESTIMADO;FASE_ACTUAL;ENTIDAD_ESTATAL;FECHA_PUBLICACION;FECHA_OFERTAS;CODIGO_NOTICE;FECHA_PRESENTACION;TIPO_CONTRATO;JUSTIFICACION_CONTRATO;FECHA_TERMINACION;DESCRIPCION_CONTRATO;VALOR_ESTIMADO_ADQUISICIONES;CODIGO_UNSPSC;Licita
2080;HSAM-330-INGENIERIA VITAL S.A.S;330 DE 2024;Publicado;Contratación régimen especial;OFICINA DE GESTION JURIDICA Y CONTRATACION;297000000;Presentación de oferta;E.S.E. HOSPITAL SAN ANTONIO;5 días de tiempo transcurrido (9/02/2024 6:10:35 PM(UTC-05:00) Bogotá, Lima, Quito);;CO1.NTC.5631144;-;Decreto 092 de 2017;Decreto 092 de 2017;31/12/2024 12:00:00 PM ((UTC-05:00) Bogotá, Lima, Quito);PRESTACIÓN DE SERVICIOS INTEGRALES: DE MANTENIMIENTO PREVENTIVO Y CORRECTIVO SOPORTE TÉCNICO Y ADMINISTRATIVO PARA LOS EQUIPOS MÉDICOS Y BIOMEDICOS, ACOMPAÑAMIENTO EN PROCESOS DE TECNOVIGILANCIA, ACREDITACIÓN Y LAS BPM (BUENAS PRACTICAS DE MANUFACTURA) DE LA ESE HOSPITAL SAN ANTONIO.;200000000;85161500 - Reparación de equipo médico o quirúrgico;0
2081;CONTRATO DE PRESTACIÓN DE SERVICIOS PROFESIONALES 86 DE 2024, SUSCRITO ENTRE LA SUPERINTENDENCIA DE SOCIEDADES Y SONIA LORENA MILLÁN GONZÁLEZ;CONTRATO 86 DE 2024;Proceso adjudicado y celebrado;Contratación directa.;SUBDIRECCION ADMINISTRATIVA;85800000;Presentación de oferta;SUPERINTENDENCIA DE SOCIEDADES;6 días de tiempo transcurrido (9/02/2024 10:46:27 AM(UTC-05:00) Bogotá, Lima, Quito);;CO1.NTC.5625612;-;Prestación de servicios;Servicios profesionales y apoyo a la gestión;20/12/2024 11:59:00 PM ((UTC-05:00) Bogotá, Lima, Quito);Prestar servicios profesionales especializados para el fortalecimiento del modelo de operación interno de la Dirección de Tecnología de la Información y las Comunicaciones en el ciclo de mejora continua y mantenimiento evolutivo sobre los procesos automatizados en la herramienta BPM Aura Portal.;85800000;80101500 - Servicios de consultoría de negocios y administración corporativa;0
2082;CONTRATO DE PRESTACIÓN DE SERVICIOS PROFESIONALES 83 DE 2024, SUSCRITO ENTRE LA SUPERINTENDENCIA DE SOCIEDADES Y CAMILO ANDRES DUQUE TANGARIFE;CONTRATO 83 DE 2024;Proceso adjudicado y celebrado;Contratación directa.;SUBDIRECCION ADMINISTRATIVA;46800000;Presentación de oferta;SUPERINTENDENCIA DE SOCIEDADES;6 días de tiempo transcurrido (9/02/2024 10:31:27 AM(UTC-05:00) Bogotá, Lima, Quito);;CO1.NTC.5625188;-;Prestación de servicios;Servicios profesionales y apoyo a la gestión;11/08/2024 11:59:00 PM ((UTC-05:00) Bogotá, Lima, Quito);Prestar servicios profesionales especializados para el fortalecimiento del modelo de operación interno de la Dirección de Tecnología de la Información y las Comunicaciones en el ciclo de mejora continua y mantenimiento evolutivo sobre los procesos automatizados en la herramienta BPM Aura Portal.;46800000;80101500 - Servicios de consultoría de negocios y administración corporativa;0
2083;Prestar servicios profesionales en el habilitador de la política de gobierno digital relacionado con servicios ciudadanos digitales, para el mantenimiento de los procesos automatizados en el BPM, impl;DIRECTA 120-2024;Proceso adjudicado y celebrado;Contratación régimen especial;Grupo de Gestion Juridica y Contractual;51380467;Presentación de oferta;UNIDAD DE PLANEACION MINERO ENERGETICO;6 días de tiempo transcurrido (8/02/2024 4:18:37 PM(UTC-05:00) Bogotá, Lima, Quito);;CO1.NTC.5619877;-;Prestación de servicios;Regla aplicable;30/12/2024 12:00:00 PM ((UTC-05:00) Bogotá, Lima, Quito);Prestar servicios profesionales en el habilitador de la política de gobierno digital relacionado con servicios ciudadanos digitales, para el mantenimiento de los procesos automatizados en el BPM, implementados por la UPME, de acuerdo con los requerimientos y prioridad que se defina en el Plan Estratégico de Tecnologías de la Información.;60208434;80111620 - Servicios temporales de recursos humanos;1
2084;CONTRATO DE PRESTACIÓN DE SERVICIOS PROFESIONALES 85 DE 2024, SUSCRITO ENTRE LA SUPERINTENDENCIA DE SOCIEDADES Y FARID ELIUD GÁMEZ BERNAL;CONTRATO 85 DE 2024;Proceso adjudicado y celebrado;Contratación directa.;SUBDIRECCION ADMINISTRATIVA;85800000;Presentación de oferta;SUPERINTENDENCIA DE SOCIEDADES;7 días de tiempo transcurrido (7/02/2024 3:25:05 PM(UTC-05:00) Bogotá, Lima, Quito);;CO1.NTC.5609851;-;Prestación de servicios;Servicios profesionales y apoyo a la gestión;20/12/2024 11:59:00 PM ((UTC-05:00) Bogotá, Lima, Quito);Prestar servicios profesionales especializados para el fortalecimiento del modelo de operación interno de la Dirección de Tecnología de la Información y las Comunicaciones en el ciclo de mejora continua y mantenimiento evolutivo sobre los procesos automatizados en la herramienta BPM Aura Portal.;85800000;80101500 - Servicios de consultoría de negocios y administración corporativa;0
2085;CONTRATO DE PRESTACIÓN DE SERVICIOS PROFESIONALES 84 DE 2024, SUSCRITO ENTRE LA SUPERINTENDENCIA DE SOCIEDADES Y HELBERT HUMBERTO RIVEROS MARÍN;CONTRATO 84 DE 2024;Proceso adjudicado y celebrado;Contratación directa.;SUBDIRECCION ADMINISTRATIVA;46800000;Presentación de oferta;SUPERINTENDENCIA DE SOCIEDADES;7 días de tiempo transcurrido (7/02/2024 2:47:47 PM(UTC-05:00) Bogotá, Lima, Quito);;CO1.NTC.5609079;-;Prestación de servicios;Servicios profesionales y apoyo a la gestión;6/08/2024 11:59:00 PM ((UTC-05:00) Bogotá, Lima, Quito);Prestar servicios profesionales especializados para el fortalecimiento del modelo de operación interno de la Dirección de Tecnología de la Información y las Comunicaciones en el ciclo de mejora continua y mantenimiento evolutivo sobre los procesos automatizados en la herramienta BPM Aura Portal.;46800000;80101500 - Servicios de consultoría de negocios y administración corporativa;0
2086;JEHISON DAVID CIFUENTES CORTES;104772;Proceso adjudicado y celebrado;Contratación directa.;DIRECCION DE CONTRATACION;24600000;Presentación de oferta;SECRETARIA DISTRITAL DE GOBIERNO 1;9 días de tiempo transcurrido (5/02/2024 3:45:37 PM(UTC-05:00) Bogotá, Lima, Quito);;CO1.NTC.5590960;-;Prestación de servicios;Servicios profesionales y apoyo a la gestión;5/06/2024 11:00:00 PM ((UTC-05:00) Bogotá, Lima, Quito);PRESTAR LOS SERVICIOS PROFESIONALES EN LA SECRETARÍA DISTRITAL DE GOBIERNO PARA REALIZAR LAS ACTIVIDADES DE ADMINISTRACIÓN, ANÁLISIS, DESARROLLO, DESPLIEGUE Y SOPORTE EN LA PLATAFORMA BPM BIZAGI EN TODOS SUS AMBIENTES.;24600000;80111600 - Servicios de personal temporal;0
2087;DIMPE_MERCADO_2024_GEIH_BT_TH_Prestación de servicios profesionales para procesar la base de datos de la Gran Encuesta Integrada de Hogares para la entrega de resultados de mercado laboral de la pobla;EDP-325-2024;Proceso adjudicado y celebrado;Contratación directa.;SECRETARIA GENERAL - DANE CENTRAL;71500000;Presentación de oferta;DEPARTAMENTO ADMINISTRATIVO NACIONAL DE ESTADISTICA (DANE);12 días de tiempo transcurrido (2/02/2024 6:17:46 PM(UTC-05:00) Bogotá, Lima, Quito);;CO1.NTC.5579155;-;Prestación de servicios;Servicios profesionales y apoyo a la gestión;;"DIMPE_MERCADO_2024_GEIH_BT_TH_Prestación de servicios profesionales para
procesar la base de datos de la Gran Encuesta Integrada de Hogares para la entrega de
resultados de mercado laboral de la población LGBT, así como, realizar la actualización de
la documentación de la operación estadística de acuerdo con los lineamientos del modelo
GSBPM y participar en la atención de requerimientos administrativos del GIT de temática de
mercado laboral.";71500000;80111500 - Desarrollo de recursos humanos;0
2088;Profesional TICS;ADRES-CD-172-2024;Proceso adjudicado y celebrado;Contratación directa.;DIRECCIÓN ADMINISTRATIVA Y FINANCIERA;66648137;Presentación de oferta;ADMINISTRADORA DE LOS RECURSOS DEL SISTEMA GENERAL DE SEGURIDAD SOCIAL EN SALUD;14 días de tiempo transcurrido (31/01/2024 6:31:40 PM(UTC-05:00) Bogotá, Lima, Quito);;CO1.NTC.5558319;-;Prestación de servicios;Servicios profesionales y apoyo a la gestión;;Prestar servicios profesionales a la Dirección de Gestión de Tecnologías de Información y Comunicaciones de la Administradora de los Recursos del Sistema General de Seguridad Social en Salud para gestionar las implementaciones que requieran automatización de procesos en BPMS AuraQuantic;66648137;81111500 - Ingeniería de software o hardware;0
2089;Prestar servicios profesionales a la UPRA para apoyar actividades de soporte y asistencia técnica del sistema, elaboración de documentación y transferencia tecnológica a usuarios finales de las funcio;FOR-107-2024;Proceso adjudicado y celebrado;Contratación directa.;SECRETARIA GENERAL;76560000;Presentación de oferta;UPRA;15 días de tiempo transcurrido (31/01/2024 9:07:43 AM(UTC-05:00) Bogotá, Lima, Quito);;CO1.NTC.5551268;-;Prestación de servicios;Servicios profesionales y apoyo a la gestión;30/12/2024 11:59:00 PM ((UTC-05:00) Bogotá, Lima, Quito);Prestar servicios profesionales a la UPRA para apoyar actividades de soporte y asistencia técnica del sistema, elaboración de documentación y transferencia tecnológica a usuarios finales de las funcionalidades desarrolladas dentro del software BPMS que soporta al Sistema para la Eficiencia Administrativa. (FOR-107-2024);80040000;81111500 - Ingeniería de software o hardware;0
2090;Prestar servicios profesionales a la UPRA para apoyar actividades de soporte y asistencia técnica del sistema, elaboración de documentación y transferencia tecnológica a usuarios finales de las funcio;FOR-109-2024;Proceso adjudicado y celebrado;Contratación directa.;SECRETARIA GENERAL;48488000;Presentación de oferta;UPRA;15 días de tiempo transcurrido (31/01/2024 8:56:42 AM(UTC-05:00) Bogotá, Lima, Quito);;CO1.NTC.5551345;-;Prestación de servicios;Servicios profesionales y apoyo a la gestión;30/12/2024 11:59:00 PM ((UTC-05:00) Bogotá, Lima, Quito);Prestar servicios profesionales a la UPRA para apoyar actividades de soporte y asistencia técnica del sistema, elaboración de documentación y transferencia tecnológica a usuarios finales de las funcionalidades desarrolladas dentro del software BPMS que soporta al Sistema para la Eficiencia Administrativa. (FOR-109);48488000;81111500 - Ingeniería de software o hardware;0
2091;SSF-CPS-2024 ANGELA MILENA GUTIERREZ PATIÑO;SSF-CPS-2024 ANGELA MILENA GUTIERREZ PATIÑO;Proceso adjudicado y celebrado;Contratación directa.;GESTIÓN CONTRACTUAL 2024;46200000;Presentación de oferta;SUPERINTENDENCIA DEL SUBSIDIO FAMILIAR;16 días de tiempo transcurrido (30/01/2024 11:42:33 AM(UTC-05:00) Bogotá, Lima, Quito);;CO1.NTC.5543530;-;Prestación de servicios;Servicios profesionales y apoyo a la gestión;31/12/2024 11:59:00 PM ((UTC-05:00) Bogotá, Lima, Quito);Prestar servicios profesionales para el desarrollo de automatizaciones en la plataforma de gestión de procesos BPM. (ID: OTIC-721);46200000;81111504 - Servicios de programación de aplicaciones;0
2092;Prestación de servicios profesionales para actualizar y modificar los flujos de contratación sistematizados bajo la plataforma BPMS PROCESSMAKER.;268496;Publicado;Contratación régimen especial;Medellin Nivel Central;47740000;Presentación de oferta;UNIVERSIDAD NACIONAL DE COLOMBIA;19 días de tiempo transcurrido (26/01/2024 3:19:51 PM(UTC-05:00) Bogotá, Lima, Quito);;CO1.NTC.5521838;-;Decreto 092 de 2017;Decreto 092 de 2017;;Prestación de servicios profesionales para actualizar y modificar los flujos de contratación sistematizados bajo la plataforma BPMS PROCESSMAKER.;0;86101601 - Servicios de formación profesional en informática;1
2093;Servicios PAAS de herramienta Bussiness Process Management Suite (BPMS) en modalidad Cloud Computing y apoyo en la automatización de procesos del fondo de Valorización del Distrito de Medellín;CD 2024-002;Proceso adjudicado y celebrado;Contratación directa.;UC FONVALMED;135141014;Presentación de oferta;FONDO DE VALORIZACION DEL MUNICIPIO DE MEDELLIN;20 días de tiempo transcurrido (26/01/2024 11:18:38 AM(UTC-05:00) Bogotá, Lima, Quito);;CO1.NTC.5519617;-;Prestación de servicios;No existe pluralidad de oferentes en el mercado;31/12/2024 11:59:00 PM ((UTC-05:00) Bogotá, Lima, Quito);Servicios PAAS de herramienta Bussiness Process Management Suite (BPMS) en modalidad Cloud Computing y apoyo en la automatización de procesos del fondo de Valorización del Distrito de Medellín;181092812;81111508 - Servicios de implementación de aplicaciones;0
2094;PRESTACION DE SERVICIOS PROVEEDOR EXCLUSIVO;CD-398-2024-SC;Proceso adjudicado y celebrado;Contratación directa.;2020+GIT GESTION CONTRACTUAL;344934371;Presentación de oferta;INSTITUTO GEOGRÁFICO AGUSTÍN CODAZZI *;20 días de tiempo transcurrido (26/01/2024 10:50:27 AM(UTC-05:00) Bogotá, Lima, Quito);;CO1.NTC.5519062;-;Prestación de servicios;No existe pluralidad de oferentes en el mercado;30/12/2024 11:59:00 PM ((UTC-05:00) Bogotá, Lima, Quito);"""Prestación de servicios para el soporte técnico, mantenimiento y actualización del Sistema de Gestión Documental - SIGAC sobre la plataforma BPM/FOREST. MACROPROYECTOS"".";350000000;81112200 - Mantenimiento y soporte de software;0
2095;Prestación de servicios para mantener y desarrollar la App Móvil UTP, así como realizar actividades para el desarrollo y soporte de las aplicaciones de la Universidad.;5384-2024;Publicado;Contratación régimen especial;GESTIÓN DE LA CONTRATACIÓN;48463093;Presentación de oferta;UNIVERSIDAD TECNOLÓGICA DE PEREIRA;20 días de tiempo transcurrido (26/01/2024 12:43:47 AM(UTC-05:00) Bogotá, Lima, Quito);;CO1.NTC.5517405;-;Prestación de servicios;Regla aplicable;;"Prestación de servicios profesionales para el desarrollo de la metodología de acompañamiento BPM ""BUSINESS PROCESS MANAGEMENT"" para la mejora de los procesos en las Unidades Académicas y Administrativas que soportan los Sistemas de
Información y apoyo administrativo en actividades de la oficina.";0;80111701 - Servicios de contratación de personal;1
2096;"Prestación de servicios profesionales para el desarrollo de la metodología de acompañamiento BPM ""BUSINESS PROCESS MANAGEMENT"" para la mejora de los procesos en las Unidades Académicas y Administrativ";5383-2024;Publicado;Contratación régimen especial;GESTIÓN DE LA CONTRATACIÓN;48463093;Presentación de oferta;UNIVERSIDAD TECNOLÓGICA DE PEREIRA;20 días de tiempo transcurrido (25/01/2024 9:56:52 PM(UTC-05:00) Bogotá, Lima, Quito);;CO1.NTC.5516786;-;Prestación de servicios;Regla aplicable;;"Prestación de servicios profesionales para el
desarrollo de la metodología de acompañamiento
BPM ""BUSINESS PROCESS MANAGEMENT"" para la
mejora de los procesos en las Unidades Académicas
y Administrativas que soportan los Sistemas de
Información y apoyo administrativo en actividades
de la oficina.";0;80111701 - Servicios de contratación de personal;1
2097;SISTEMA DE GESTION DOCUMENTAL Y HERRAMIENTAS PQRSDF Y BPM;Solicitud de Cotización 004 de 2024;Proceso en evaluación y observaciones;Solicitud de información a los Proveedores;GESTIÓN CONTRACTUAL;0;Presentación de oferta;AGENCIA NACIONAL DE TIERRAS - ANT;20 días de tiempo transcurrido (25/01/2024 4:45:42 PM(UTC-05:00) Bogotá, Lima, Quito);;CO1.NTC.5512998;12 días de tiempo transcurrido (2/02/2024 5:00:00 PM(UTC-05:00) Bogotá, Lima, Quito);;;;Realizar la adquisición, parametrización e implementación del Sistema de Gestión Documental Electrónico de Archivo  - SGDEA y las herramientas de PPQRSDF y herramienta BPM para el modelamiento, automatización e implementación de procesos a través de tres algoritmos del IA, con el fin de aumentar la capacidad tecnológica de la ANT, en miras de preservar el acervo documental electrónico de archivo, dandando respuesta al eje estratégico número dos (2), del Plan Estratégico Institucional 2022-2025.;0;81111500 - Ingeniería de software o hardware;0
2098;CARLOS ARTURO GOMEZ JIMENEZ;CD-293-2024;Proceso adjudicado y celebrado;Contratación directa.;CONTRATOS;121000000;Presentación de oferta;MINISTERIO DE AMBIENTE Y DESARROLLO SOSTENIBLE;21 días de tiempo transcurrido (25/01/2024 11:51:56 AM(UTC-05:00) Bogotá, Lima, Quito);;CO1.NTC.5510453;-;Prestación de servicios;Servicios profesionales y apoyo a la gestión;25/12/2024 12:00:00 PM ((UTC-05:00) Bogotá, Lima, Quito);15-0029 Prestar sus servicios profesionales a la Oficina de Tecnologías de la información y la comunicación del ministerio de ambiente y desarrollo sostenible en el proceso de automatización, caracterización y levantamiento de información que permita documentar los procedimientos en notación BPM mejorando la gestión de los procesos de la entidad para apoyar la toma de decisiones.;124300000;80111600 - Servicios de personal temporal;0
2099;"Prestación de servicios profesionales para el desarrollo de la metodología de acompañamiento BPM ""BUSINESS PROCESS MANAGEMENT"" para la mejora de los procesos en las Unidades Académicas y Administrativ";5440-2024;Publicado;Contratación régimen especial;GESTIÓN DE LA CONTRATACIÓN;48463093;Presentación de oferta;UNIVERSIDAD TECNOLÓGICA DE PEREIRA;21 días de tiempo transcurrido (25/01/2024 12:54:14 AM(UTC-05:00) Bogotá, Lima, Quito);;CO1.NTC.5507436;-;Prestación de servicios;Regla aplicable;;"Prestación de servicios profesionales para el desarrollo de la metodología de acompañamiento BPM ""BUSINESS PROCESS MANAGEMENT"" para la mejora de los procesos en las Unidades Académicas y Administrativas que soportan los Sistemas de
Información y apoyo administrativo en actividades de la oficina.";0;80111701 - Servicios de contratación de personal;1
2100;SUMINISTRO DE ACTIVIDADES DE MANTENIMIENTO PREVENTIVO, CORRECTIVO, ADECUACIONES Y MEJORAMIENTO DE INSTALACIONES FÍSICAS Y MOBILIARIO, DE LAS UNIDADES DE INFORMACIÓN DEL SBPM, LA BIBLIOTECA PÚBLICA PIL;LP-01-2024;Publicado;Licitación pública (Obra pública);BPP;633301822;Presentación de observaciones;BIBLIOTECA PUBLICA PILOTO DE MEDELLIN PARA AMERICA LATINA;19 días de tiempo transcurrido (24/01/2024 6:02:55 PM(UTC-05:00) Bogotá, Lima, Quito);;CO1.NTC.5505442;15 días para terminar (28/02/2024 3:00:00 PM(UTC-05:00) Bogotá, Lima, Quito);Obra;Artículo 30, Ley 80 de 1993;30/06/2024 11:59:00 PM ((UTC-05:00) Bogotá, Lima, Quito);SUMINISTRO DE ACTIVIDADES DE MANTENIMIENTO PREVENTIVO, CORRECTIVO, ADECUACIONES Y MEJORAMIENTO DE INSTALACIONES FÍSICAS Y MOBILIARIO, DE LAS UNIDADES DE INFORMACIÓN DEL SBPM, LA BIBLIOTECA PÚBLICA PILOTO Y SUS FILIALES;0;72101500 - Servicios de apoyo para la construcción;0
2101;La renovación del SaaS del software AZDigital BPM-SGDEA para uso de la Comisión.;2024-019;Proceso adjudicado y celebrado;Contratación régimen especial;COMISION DE REGULACION DE ENERGIA Y GAS;568483595;Presentación de oferta;COMISION DE REGULACION DE ENERGIA Y GAS;21 días de tiempo transcurrido (24/01/2024 2:52:39 PM(UTC-05:00) Bogotá, Lima, Quito);;CO1.NTC.5502424;-;Decreto 092 de 2017;Decreto 092 de 2017;31/12/2024 11:59:00 PM ((UTC-05:00) Bogotá, Lima, Quito);La renovación del SaaS del software AZDigital BPM-SGDEA para uso de la Comisión.;568483595;43232202 - Software de manejo de documentos;1
2102;ANGIE ALEXANDRA PEREZ BROCHERO;CD-PS-065-2024;Proceso adjudicado y celebrado;Contratación directa.;GRUPO DE CONTRATOS UGPP;6869169;Presentación de oferta;UNIDAD DE GESTION PENSIONAL Y PARAFISCALES - UGPP;22 días de tiempo transcurrido (23/01/2024 2:21:37 PM(UTC-05:00) Bogotá, Lima, Quito);;CO1.NTC.5491966;-;Prestación de servicios;Servicios profesionales y apoyo a la gestión;;Prestar los servicios personales para apoyar a la Dirección de Parafiscales en la gestión operativa de las herramientas de Documentic, BPM y Gestor de Información, en lo que respecta a la distribución y asignación de los recursos de reconsideración, revocatorias directas y comunicaciones, notificación de los fallos de fondo proferidos en el proceso de recursos, seguimiento a los mismos, y validación, reporte y control de incidentes en las herramientas tecnológicas dispuestas por la Entidad.;0;80111600 - Servicios de personal temporal;0
2103;DIMPE_MERCADO_2024_GEIH_CR_TH_Prestación de servicios profesionales para realizar las actividades administrativas necesarias para el mejoramiento de las metodologias y procedimientos de las operacione;EDP-277-2024;Proceso adjudicado y celebrado;Contratación directa.;SECRETARIA GENERAL - DANE CENTRAL;57666666,67;Presentación de oferta;DEPARTAMENTO ADMINISTRATIVO NACIONAL DE ESTADISTICA (DANE);26 días de tiempo transcurrido (19/01/2024 7:37:08 PM(UTC-05:00) Bogotá, Lima, Quito);;CO1.NTC.5473132;-;Prestación de servicios;Servicios profesionales y apoyo a la gestión;31/12/2024 11:59:00 PM ((UTC-05:00) Bogotá, Lima, Quito);DIMPE_MERCADO_2024_GEIH_CR_TH_Prestación de servicios profesionales para realizar las actividades administrativas necesarias para el mejoramiento de las metodologias y procedimientos de las operaciones estadísticas de la DIMPE, asi como apoyar el proceso de actualización documental de la operación estadística GEIH enmarcados en el modelo GSBPM.;57666667;80111500 - Desarrollo de recursos humanos;0
2104;PRESTACIÓN DE SERVICIOS PROFESIONALES;SNS-CD-5-2024;Proceso adjudicado y celebrado;Contratación directa.;Secretaria General;126500000;Presentación de oferta;SUPERINTENDENCIA NACIONAL DE SALUD;27 días de tiempo transcurrido (19/01/2024 8:11:12 AM(UTC-05:00) Bogotá, Lima, Quito);;CO1.NTC.5465935;-;Prestación de servicios;Servicios profesionales y apoyo a la gestión;18/12/2024 11:59:00 AM ((UTC-05:00) Bogotá, Lima, Quito);Prestar servicios profesionales para el desarrollo, modelamiento y automatización de procesos para la implementación e integración de soluciones tecnológicas BPM para la Superintendencia Nacional de Salud.;126500000;80101509 - Servicios de asesoramiento para asuntos gubernamentales y de relaciones comunitarias;0
2105;CLAUDIA HELENA AREVALO CAICEDO;0641-CDPS-2024;Publicado;Contratación régimen especial;Oficina de Talento Humano;14186667;Presentación de oferta;HOSPITAL UNIVERSITARIO DEPARTAMENTAL DE NARIÑO;28 días de tiempo transcurrido (17/01/2024 5:18:20 PM(UTC-05:00) Bogotá, Lima, Quito);;CO1.NTC.5453876;-;Prestación de servicios;Regla aplicable;30/04/2024 11:59:00 PM ((UTC-05:00) Bogotá, Lima, Quito);Contratar la prestación de servicios profesionales como Ingeniera Química Especializada para el tratamiento y gestión de la información del Sistema Único de Acreditación, Sistema Integrado de Gestión HSEQ, auditorias de Buenas prácticas de elaboración BPE y Buenas prácticas de manufactura BPM e INVIMA, que conlleve al mejoramiento sistémico y sistemático de calidad institucional logrando la interrelación entre procesos asistenciales, de apoyo y misionales para la presentación de los nuevos ciclo;31500000;80111600 - Servicios de personal temporal;0
2106;SSF CPS DE 2024 KIMBERLY LORENA PINZON RODRIGUEZ;SSF CPS DE 2024 KIMBERLY LORENA PINZON RODRIGUEZ;Proceso adjudicado y celebrado;Contratación directa.;GESTIÓN CONTRACTUAL 2024;62700000;Presentación de oferta;SUPERINTENDENCIA DEL SUBSIDIO FAMILIAR;28 días de tiempo transcurrido (17/01/2024 3:09:01 PM(UTC-05:00) Bogotá, Lima, Quito);;CO1.NTC.5452019;-;Prestación de servicios;Servicios profesionales y apoyo a la gestión;31/12/2024 11:59:00 PM ((UTC-05:00) Bogotá, Lima, Quito);Contratar los servicios profesionales para la realización de la planeación, seguimiento y control de los proyectos de la plataforma de gestión de procesos BPM. (ID: OTIC-726);63250000;81111504 - Servicios de programación de aplicaciones;0
2107;MARTHA LUCIA GONZALEZ MALDONADO;CD-137-2024;Proceso adjudicado y celebrado;Contratación directa.;CONTRATOS;102600000;Presentación de oferta;MINISTERIO DE AMBIENTE Y DESARROLLO SOSTENIBLE;30 días de tiempo transcurrido (16/01/2024 11:51:36 AM(UTC-05:00) Bogotá, Lima, Quito);;CO1.NTC.5441989;-;Prestación de servicios;Servicios profesionales y apoyo a la gestión;29/12/2024 12:00:00 PM ((UTC-05:00) Bogotá, Lima, Quito);15-0012 Prestar sus servicios profesionales a la Oficina de Tecnologías de la Información y la Comunicación del ministerio de Ambiente y Desarrollo Sostenible en el proceso de levantamiento, análisis, y diagramación de flujos de información y procesos en notación BPM, con los debidos soportes documentales.;104100000;80111600 - Servicios de personal temporal;0
2108;DSCN_MC_2024_CR_Prestación de servicios profesionales para desarrollar el proceso de producción estadística de acuerdo con el modelo de producción estadística GSBPM de la Matriz de Utilización Desagre;EDP-72-2024;Proceso adjudicado y celebrado;Contratación directa.;SECRETARIA GENERAL - DANE CENTRAL;57500000;Presentación de oferta;DEPARTAMENTO ADMINISTRATIVO NACIONAL DE ESTADISTICA (DANE);30 días de tiempo transcurrido (15/01/2024 7:56:45 PM(UTC-05:00) Bogotá, Lima, Quito);;CO1.NTC.5438546;-;Prestación de servicios;Servicios profesionales y apoyo a la gestión;31/12/2024 11:59:00 PM ((UTC-05:00) Bogotá, Lima, Quito);DSCN_MC_2024_CR_Prestación de servicios profesionales para desarrollar el proceso deproducción estadística de acuerdo con el modelo de producción estadística GSBPM de la Matriz de Utilización Desagregada en Productos Nacionales e Importados (MUPNI), Así como, las fases de acopio, procesamiento y análisis para la medición de las transacciones del comercio exterior para Colombia en el marco de sistema de cuentas nacionales con frecuencia trimestral y mensual, de conformidad con los lineamientos;57500000;80111500 - Desarrollo de recursos humanos;0
2109;CTO_BID_EPMIG_23_2024_DRA_TH Prestación de servicios profesionales para orientar, apoyar y observar el control de los KPI del operativo, así como el despliegue del seguimiento de las fases relacionada;EDP-1-2024;Proceso adjudicado y celebrado;Contratación directa.;SECRETARIA GENERAL - DANE CENTRAL;22352220;Presentación de oferta;FONDO ROTATORIO DEL DANE (FONDANE);30 días de tiempo transcurrido (15/01/2024 12:38:53 PM(UTC-05:00) Bogotá, Lima, Quito);;CO1.NTC.5433476;-;Prestación de servicios;Servicios profesionales y apoyo a la gestión;30/06/2024 11:59:00 PM ((UTC-05:00) Bogotá, Lima, Quito);CTO_BID_EPMIG_23_2024_DRA_TH Prestación de servicios profesionales para orientar, apoyar y observar el control de los KPI del operativo, así como el despliegue del seguimiento de las fases relacionadas al quehacer de la DRA en el modelo GSBPM de la entidad para la Encuesta de Pulso de las Migraciones EPM.;22352220;80111500 - Desarrollo de recursos humanos;0
2110;PRESTACION DE SERVICIOS PROFESIONALES;PDO-004-2024;Publicado;Contratación régimen especial;NUEVA LICORERA DE BOYACA;86152000;Presentación de oferta;NLB;15/01/2024 9:03:19 AM ((UTC-05:00) Bogotá, Lima, Quito);;CO1.NTC.5432201;-;Prestación de servicios;Regla aplicable;3/09/2024 11:59:00 PM ((UTC-05:00) Bogotá, Lima, Quito);PRESTACION DE SERVICIOS PROFESIONALES Y DE APOYO PARA LA ASESORIA Y ACOMPAÑAMENTO ESTRATEGIAS EMPRESARIALES Y DE INNOVACION, ASI COMO, PARA EL FUNCIONAMIENTO DEL COMITE DE BUENAS PRACTICAS DE MANUFATURA (BPM).;0;80111600 - Servicios de personal temporal;0
2111;Prestar servicios profesionales para apoyar el desarrollo de componentes de software para el sistema BPMS de la UPRA.;FOR-106-2024;Proceso adjudicado y celebrado;Contratación directa.;SECRETARIA GENERAL;102718000;Presentación de oferta;UPRA;14/01/2024 5:13:30 PM ((UTC-05:00) Bogotá, Lima, Quito);;CO1.NTC.5430927;-;Prestación de servicios;Servicios profesionales y apoyo a la gestión;29/12/2024 12:00:00 PM ((UTC-05:00) Bogotá, Lima, Quito);Prestar servicios profesionales para apoyar el desarrollo de componentes de software para el sistema BPMS de la UPRA. (FOR-106-2024).;102718000;81111500 - Ingeniería de software o hardware;0
2112;Prestar servicios profesionales para apoyar el desarrollo de componentes de software para el sistema BPMS de la UPRA.;FOR-104-2024;Proceso adjudicado y celebrado;Contratación directa.;SECRETARIA GENERAL;114840000;Presentación de oferta;UPRA;12/01/2024 4:04:57 PM ((UTC-05:00) Bogotá, Lima, Quito);;CO1.NTC.5424629;-;Prestación de servicios;Servicios profesionales y apoyo a la gestión;14/12/2024 12:00:00 PM ((UTC-05:00) Bogotá, Lima, Quito);Prestar servicios profesionales para apoyar el desarrollo de componentes de software para el sistema BPMS de la UPRA. FOR-104-2024;116058000;81111500 - Ingeniería de software o hardware;0
2113;DSCN_CT_2024_CR_Prestación de servicios profesionales para desarrollar de acuerdo con el modelo GSBPM las fases de acopio, procesamiento y análisis de los balances ofertautilización relacionados con l;EDP-161-2024;Proceso adjudicado y celebrado;Contratación directa.;SECRETARIA GENERAL - DANE CENTRAL;63825000;Presentación de oferta;DEPARTAMENTO ADMINISTRATIVO NACIONAL DE ESTADISTICA (DANE);11/01/2024 9:43:54 PM ((UTC-05:00) Bogotá, Lima, Quito);;CO1.NTC.5419899;-;Prestación de servicios;Servicios profesionales y apoyo a la gestión;27/12/2024 11:59:00 PM ((UTC-05:00) Bogotá, Lima, Quito);DSCN_CT_2024_CR_Prestación de servicios profesionales para desarrollar de acuerdo con el modelo GSBPM las fases de acopio, procesamiento y análisis de los balances ofertautilización relacionados con la actividad de construcción de edificaciones, las cuentas de producción anual para 2021, 2022 y 2023, trimestral y mensual del sector y la matriz de precios anual, en el marco del Sistema de Contabilidad Nacional para Colombia.;63825000;80111500 - Desarrollo de recursos humanos;0
2114;Prestación de servicios personales para apoyar a la Sección de Aplicaciones en las actividades de implantación, soporte y gestión de copias de seguridad de la plataforma BPMS PROCESSMAKER y los flujos;268462;Publicado;Contratación régimen especial;Medellin Nivel Central;29475600;Presentación de oferta;UNIVERSIDAD NACIONAL DE COLOMBIA;11/01/2024 6:24:09 PM ((UTC-05:00) Bogotá, Lima, Quito);;CO1.NTC.5418972;-;Decreto 092 de 2017;Decreto 092 de 2017;;Prestación de servicios personales para apoyar a la Sección de Aplicaciones en las actividades de implantación, soporte y gestión de copias de seguridad de la plataforma BPMS PROCESSMAKER y los flujos de contratación (precontractual, contractual y modificación adición y/o prórroga).;0;80111608 - Desarrolladores temporales de software de tecnologías de la información;1
2115;D8CN_CT_2024_CR_Prestación de servicios profesionales para desarrollar de acuerdo con el modelo GSBPM las fases de acopio, procesamiento y análisis de los balances ofertautilización relacionados con l;EDP-145-2024;Proceso adjudicado y celebrado;Contratación directa.;SECRETARIA GENERAL - DANE CENTRAL;52081200;Presentación de oferta;DEPARTAMENTO ADMINISTRATIVO NACIONAL DE ESTADISTICA (DANE);10/01/2024 9:00:15 PM ((UTC-05:00) Bogotá, Lima, Quito);;CO1.NTC.5414159;-;Prestación de servicios;Servicios profesionales y apoyo a la gestión;26/12/2024 11:00:00 PM ((UTC-05:00) Bogotá, Lima, Quito);D8CN_CT_2024_CR_Prestación de servicios profesionales para desarrollar de acuerdo con el modelo GSBPM las fases de acopio, procesamiento y análisis de los balances oferta- utilización relacionados con la actividad de servicios inmobiliarios, las cuentas de producción anual para 2021, 2022 y 2023, trimestral y mensual del sector y la matriz de precios anual, en el marco del Sistema de Contabilidad Nacional para Colombia.;52081200;80111500 - Desarrollo de recursos humanos;0
2116;DSCN_CT_2024_CR_Prestación de servicios profesionales para desarrollar de acuerdo con el modelo GSBPM las fases de acopio, procesamiento y análisis de los balances oferta utilización relacionados con;EDP-137-2024;Proceso adjudicado y celebrado;Contratación directa.;SECRETARIA GENERAL - DANE CENTRAL;56931900;Presentación de oferta;DEPARTAMENTO ADMINISTRATIVO NACIONAL DE ESTADISTICA (DANE);10/01/2024 9:41:10 AM ((UTC-05:00) Bogotá, Lima, Quito);;CO1.NTC.5410104;-;Prestación de servicios;Servicios profesionales y apoyo a la gestión;;DSCN_CT_2024_CR_Prestación de servicios profesionales para desarrollar de acuerdo con el modelo GSBPM las fases de acopio, procesamiento y análisis de los balances oferta utilización relacionados con la actividad de comercio y reparación de vehículos automotores y motocicletas, las cuentas de producción anual para 2021, 2022 y 2023, trimestral y mensual del sector y la matriz de precios anual, en el marco del Sistema de Contabilidad Nacional para Colombia.;56931900;80111500 - Desarrollo de recursos humanos;0
2117;Prestación de servicios profesionales y/o de apoyo a la gestión como abogado, para brindar apoyo y acompañamiento jurídico al proceso de gestión jurídica en lo relacionado con el proceso de adquisic;2024-0002;Proceso adjudicado y celebrado;Contratación directa.;BPP;11915345;Presentación de oferta;BIBLIOTECA PUBLICA PILOTO DE MEDELLIN PARA AMERICA LATINA;9/01/2024 7:59:27 PM ((UTC-05:00) Bogotá, Lima, Quito);;CO1.NTC.5408210;-;Prestación de servicios;Servicios profesionales y apoyo a la gestión;31/03/2024 11:59:00 PM ((UTC-05:00) Bogotá, Lima, Quito);"Prestación de servicios profesionales y/o de apoyo a la gestión como abogado, para brindar 
apoyo y acompañamiento jurídico al proceso de gestión jurídica en lo relacionado con el 
proceso de adquisición de Bienes y Servicios del SBPM.";3300550773;93141702 - Servicios de promoción cultural;0
2118;POBREZA_2024_ENUT_BD_POBREZA_2024_ENUT_DLT_POBREZA_2024_ENUT_SAGCC E_TH Prestación de servicios profesionales para orientar, apoyar y vigilar el control de los KPI del operativo, así como el despliegu;EDP-84-2024;Proceso adjudicado y celebrado;Contratación directa.;SECRETARIA GENERAL - DANE CENTRAL;47150000;Presentación de oferta;DEPARTAMENTO ADMINISTRATIVO NACIONAL DE ESTADISTICA (DANE);9/01/2024 6:24:45 PM ((UTC-05:00) Bogotá, Lima, Quito);;CO1.NTC.5407239;-;Prestación de servicios;Servicios profesionales y apoyo a la gestión;24/12/2024 11:59:00 PM ((UTC-05:00) Bogotá, Lima, Quito);POBREZA_2024_ENUT_BD_POBREZA_2024_ENUT_DLT_POBREZA_2024_ENUT_SAGCC E_TH Prestación de servicios profesionales para orientar, apoyar y vigilar el control de los KPI del operativo, así como el despliegue del seguimiento de las fases relacionadas al que hacer de la DRA en el modelo GSBPM de la entidad para la Encuesta Nacional de Uso del Tiempo - ENUT;47150000;80111500 - Desarrollo de recursos humanos;0
2119;CONTRATO DE PRESTACIÓN DE SERVICIOS;CTO-1522-2023;Publicado;Contratación régimen especial;CONTRATACION;452757144;Presentación de oferta;E.S.E. HOSPITAL SAN RAFAEL DE LETICIA;9/01/2024 11:50:14 AM ((UTC-05:00) Bogotá, Lima, Quito);;CO1.NTC.5404729;-;Decreto 092 de 2017;Decreto 092 de 2017;18 días de tiempo transcurrido (27/01/2024 11:59:00 PM(UTC-05:00) Bogotá, Lima, Quito);ADECUACIÓN DE LA INFRAESTRUCTURA DEL CUARTO DE OXÍGENO MEDICINAL DE LA E.S.E. HOSPITAL SAN RAFAEL DE LETICIA, CON EL FIN DE DAR CUMPLIMIENTO A LA RESOLUCIÓN 4410 DE 2009 DE BPM.;21878593871;72101507 - Servicio de mantenimiento de edificios;0
2146;SERVICIO DE AUDITORIAS A CONTRATISTAS PARA ECOPETROL S.A. Y GRUPO EMPRESARIAL PARA REALIZAR AUDITORIAS DE SEGURIDAD ALIMENTARIA EN (BPM, HACCAP, 22000) Y EN HSE (ISO 9001, ISO 14;9535455;Publicado;Contratación régimen especial;Operacion de Abastecimiento Regional;62880000;Presentación de oferta;EMPRESA COLOMBIANA DE PETROLEOS;4/01/2024 7:56:47 AM ((UTC-05:00) Bogotá, Lima, Quito);;CO1.NTC.5385035;-;Otro;Regla aplicable;26/06/2024 12:00:00 PM ((UTC-05:00) Bogotá, Lima, Quito);"SERVICIO DE AUDITORIAS A CONTRATISTAS 
PARA ECOPETROL S.A. Y GRUPO EMPRESARIAL PARA REALIZAR AUDITORIAS DE SEGURIDAD 
ALIMENTARIA EN (BPM, HACCAP, 22000) Y EN HSE (ISO 9001, ISO 14001 E ISO 45000), EN 
SEGURIDAD INDUSTRIAL Y SEGURIDAD DE PROCESOS A LOS CONTRATISTAS DE ALIMENTACIÓN 
DE ECOPETROL.";0;84111600 - Servicios de auditoría;0
2179;SUMINISTRO DE ACTIVIDADES DE MANTENIMIENTO PREVENTIVO, CORRECTIVO, ADECUACIONES Y MEJORAMIENTO DE INSTALACIONES FÍSICAS Y MOBILIARIO, DE LAS UNIDADES DE INFORMACIÓN DEL SBPM, LA BIBLIOTECA PÚBLICA PIL;LP-01-2024 (Fase de Selección (Presentación de ofertas));Publicado;Licitación pública (Obra pública);BPP;633301822;Fase de Selección (Presentación de ofertas);BIBLIOTECA PUBLICA PILOTO DE MEDELLIN PARA AMERICA LATINA;1 día de tiempo transcurrido (13/02/2024 2:39:47 PM(UTC-05:00) Bogotá, Lima, Quito);;CO1.NTC.5647588;13 días para terminar (28/02/2024 3:00:00 PM(UTC-05:00) Bogotá, Lima, Quito);Obra;Artículo 30, Ley 80 de 1993;30/06/2024 11:59:00 PM ((UTC-05:00) Bogotá, Lima, Quito);SUMINISTRO DE ACTIVIDADES DE MANTENIMIENTO PREVENTIVO, CORRECTIVO, ADECUACIONES Y MEJORAMIENTO DE INSTALACIONES FÍSICAS Y MOBILIARIO, DE LAS UNIDADES DE INFORMACIÓN DEL SBPM, LA BIBLIOTECA PÚBLICA PILOTO Y SUS FILIALES;0;72101500 - Servicios de apoyo para la construcción;0
2212;CONTRATACION DIRECTA;010-CDPP-24;Proceso en evaluación y observaciones;Contratación directa.;ICDT CAQUETA;8829742;Presentación de oferta;INSTITUTO DEPARTAMENTAL DE CULTURA, DEPORTE Y TURISMO DEL CAQUETA;1 hora de tiempo transcurrido (15/02/2024 11:04:57 AM(UTC-05:00) Bogotá, Lima, Quito);;CO1.NTC.5663413;-;Prestación de servicios;Servicios profesionales y apoyo a la gestión;31/12/2024 12:00:00 PM ((UTC-05:00) Bogotá, Lima, Quito);"PRESTACIÓN   DE      SERVICIOS   DE    MANTENIMIENTO, SOPORTE TÉCNICO, CAPACITACIÓN, Y ACTUALIZACIÓN   DE   LA   LICENCIA   DE SOFTWARE      DEL   SISTEMA    CONTABLE    Y   PRESUPUESTAL   SIIGO   OFICIAL No.     01612006156308,    QUE     COMPRENDE    LOS    MODULOS    PRESUPUESTO  NET, DOCUMENTOS, CONTABILIDAD OFICIAL, NIIFSP, CUENTAS     POR  COBRAR, CUENTAS POR PAGAR Y BPM.Gov 05 USUARIOS, DURANTE LA VIGENCIA 2024 QUE   TIENE   EL   INSTITUTO   DEPARTAMENTAL    DE   CULTURA, DEPORTE   
 Y TU";8830000;81112213 - Mantenimiento del software de contabilidad;0
2213;Prestación de servicios personales para realizar la automatización del proceso de atención de solicitudes de servicio de los laboratorios de la Universidad Nacional de Colombia Sede Medellín, usando l;268303;Publicado;Contratación régimen especial;Convenios Sede Medellín Nivel Central;30581600;Presentación de oferta;UNIVERSIDAD NACIONAL DE COLOMBIA;1 hora de tiempo transcurrido (15/02/2024 10:12:41 AM(UTC-05:00) Bogotá, Lima, Quito);;CO1.NTC.5662477;-;Decreto 092 de 2017;Decreto 092 de 2017;;"Prestación de servicios personales para realizar la automatización del proceso de atención de solicitudes de servicio de los laboratorios de la Universidad Nacional de Colombia Sede Medellín, usando la metodología
BPM.";0;81141902 - Servicio de investigación y desarrollo de aplicaciones o tecnología;1
1;CONTRATO DE PRESTACIÓN DE SERVICIOS 035 DE 2024;PMNCPSP035-2024;Proceso en evaluación y observaciones;Contratación directa.;OFICINA ADMINISTRATIVA Y FINANCIERA;11000000;Presentación de oferta;PERSONERIA MUNICIPAL DE NEIVA;6 horas de tiempo transcurrido (2/05/2024 6:32:03 AM(UTC-05:00) Bogotá, Lima, Quito);;CO1.NTC.6062107;-;Prestación de servicios;No existe pluralidad de oferentes en el mercado;31/12/2024 6:00:00 PM ((UTC-05:00) Bogotá, Lima, Quito);CONTRATAR EL SERVICIO DE MANTENIMIENTO, SOPORTE TÉCNICO Y ACTUALIZACIÓN DEL SOFTWARE INTEGRASOFT BPM.Gov UTILIZADO EN LAS ACTIVIDADES ADMINISTRATIVAS Y FINANCIERAS DE LA PERSONERÍA MUNICIPAL DE NEIVA;11000000;43231600 - Software de planificación de recursos empresariales (ERP) y contabilidad financiera;0
2;CONVENIO REGIMEN ESPECIAL;002-R.E.2024;Proceso adjudicado y celebrado;Contratación régimen especial;CONTRATACIÓN 2024 B;99900000;Presentación de oferta;MUNICIPIO DE SUCRE;1 día de tiempo transcurrido (30/04/2024 7:28:16 PM(UTC-05:00) Bogotá, Lima, Quito);;CO1.NTC.6058676;-;Decreto 092 de 2017;Decreto 092 de 2017;28/06/2024 8:00:00 PM ((UTC-05:00) Bogotá, Lima, Quito);EL MUNICIPIO Y LA FUNDACIÓN HOGAR JUVENIL CAMPESINO DE SUCRE (CAUCA) SE OBLIGAN MUTUAMENTE A AUNAR ESFUERZOS FINANCIEROS Y DE TALENTO HUMANO PARA GARANTIZAR A LOS ADULTOS MAYORES QUE SE ENCUENTRAN EN CONDICIONES DE EN EXTREMA VULNERABILIDAD EN EL MUNICIPIO DE SUCRE-CAUCA, ACCIONES QUE PERMITAN EL RESTABLECIMIENTO Y CUMPLIMIENTO DE SUS DERECHOS, PROPORCIONÁNDOLES ATENCIÓN INTEGRAL. BPMI: BPMI: 2024197850007;99900000;80111600 - Servicios de personal temporal;0
3;DESARROLLO MEJORAS Y SOPORTE BPM SOBRE PLATAFORMA SOFTWARE AG (Presentación de oferta);LP.002-2024 (Presentación de oferta);Publicado;Licitación pública;GRUPO DE CONTRATOS UGPP;1270528580;Presentación de oferta;UNIDAD DE GESTION PENSIONAL Y PARAFISCALES - UGPP;2 días de tiempo transcurrido (29/04/2024 7:16:29 PM(UTC-05:00) Bogotá, Lima, Quito);;CO1.NTC.6051131;13 días para terminar (15/05/2024 7:00:00 PM(UTC-05:00) Bogotá, Lima, Quito);Prestación de servicios;Ley 1150 de 2007;31/12/2024 7:00:00 PM ((UTC-05:00) Bogotá, Lima, Quito);Prestar los servicios especializados de implementación de requerimientos, mejoras, nuevas funcionalidades, solución de problemas y soporte a incidentes y peticiones de los flujos de negocio del BPM de la Unidad Administrativa Especial de Gestión Pensional y Contribuciones Parafiscales - UGPP, sobre la plataforma Software AG.;1270528580;81112200 - Mantenimiento y soporte de software;0
4;CT-058-2024;CT-058-2024;Proceso adjudicado y celebrado;Contratación régimen especial;UNIDAD DE CONTRATACIÓN;111696656;Presentación de oferta;CONSERVATORIO DEL TOLIMA;6 días de tiempo transcurrido (26/04/2024 9:59:42 AM(UTC-05:00) Bogotá, Lima, Quito);;CO1.NTC.6038558;-;Prestación de servicios;Regla aplicable;11/12/2024 6:00:00 PM ((UTC-05:00) Bogotá, Lima, Quito);CONTRAR LA PRESTACION DE SERVICIOS DE ACTUALIZACIÓN, MANTENIMIENTO, ADMINISTRACIÓN, ARRENDAMIENTO DE SERVIDOR VIRTUAL Y SOPORTE DE LOS SOFTWARES ADMINISTRATIVOS SYNERGY Y BPM, DEL CONSERVATORIO DEL TOLIMA, INSTITUCIÓN UNIVERSITARIA DE EDUCACIÓN SUPERIOR PÚBLICA.;318000000;80111600 - Servicios de personal temporal;1
5;Prestar el servicio de soporte técnico, actualización y mantenimiento a la plataforma Forest BPMS de la UPRA;UPRA-CD-006-2024;Proceso adjudicado y celebrado;Contratación directa (con ofertas);SECRETARIA GENERAL;189772056;Presentación de oferta;UPRA;9 días de tiempo transcurrido (22/04/2024 7:51:18 PM(UTC-05:00) Bogotá, Lima, Quito);;CO1.NTC.6016973;7 días de tiempo transcurrido (25/04/2024 11:00:00 AM(UTC-05:00) Bogotá, Lima, Quito);Otro;No existe pluralidad de oferentes en el mercado;30/12/2024 12:00:00 PM ((UTC-05:00) Bogotá, Lima, Quito);Prestar el servicio de soporte técnico, actualización y mantenimiento a la plataforma Forest BPMS de la UPRA. (FOR-102-2024);202000000;81111500 - Ingeniería de software o hardware;0
6;ORDEN DE PRESTACION DE SERVICIOS;18-2024001040;Publicado;Contratación régimen especial;UNIVERSIDAD INDUSTRIAL DE SANTANDER;24880000;Presentación de oferta;UNIVERSIDAD INDUSTRIAL DE SANTANDER;15 días de tiempo transcurrido (17/04/2024 11:27:53 AM(UTC-05:00) Bogotá, Lima, Quito);;CO1.NTC.5993739;-;Prestación de servicios;Regla aplicable;15/12/2024 11:59:00 PM ((UTC-05:00) Bogotá, Lima, Quito);SERVICIO DE MANEJO INTEGRADO DEL PROGRAMA DE CONTROL DE PLAGAS (MIP) PARA LA COORDINACIóN DE SERVICIOS DE ALIMENTACIóN, DE LA UNIVERSIDAD INDUSTRIAL DE SANTANDER, EN CUMPLIMIENTO DEL PROGRAMA DEL PLAN DE SANEAMIENTO PARA EL CUMPLIMIENTO DE BUENAS PRáCTICAS DE MANUFACTURA (BPM).;25000000;72101500 - Servicios de apoyo para la construcción;0
7;PRESTAR SERVICIOS PROFESIONALES INDEPENDIENTES DE MICROBIOLOGIA;OPSP-VAD-0726-2024;Publicado;Contratación régimen especial;DEPENDENCIAS ORDENADORAS DE GASTO;34063012;Presentación de oferta;UNIMAGDALENA;27 días de tiempo transcurrido (5/04/2024 6:04:37 AM(UTC-05:00) Bogotá, Lima, Quito);;CO1.NTC.5936206;-;Prestación de servicios;Regla aplicable;30/04/2025 6:00:00 PM ((UTC-05:00) Bogotá, Lima, Quito);PRESTAR SERVICIOS PROFESIONALES INDEPENDIENTES DE MICROBIOLOGIA PARA ACOMPAÑAR EL DESARROLLO DEL PROYETCO BPIN 2021000100084. 1. APOYO EN BPM, REVISION DE CALIDAD Y MONITOREO D EPOBLACIONES BACTERIANAS. 2. APOYO DEL TALLER EN BUENAS PRACTICAS DE MANEJO. 3. MONITOREO DE PARAMETROS MICROBIOLOGICOS. 4. APOYO EN LA ELABORACION DE ARTICULO CIENTIFICO;4609954382;80161500 - Servicios de apoyo gerencial;0
8;Contratar el mantenimiento preventivo y correctivo con repuestos y consumibles de la Central de Gases Medicinales del Hospital Universitario Departamental de Nariño E.S.E, para las áreas de: Sistema d;0011-SSC-2024;Publicado;Contratación régimen especial;Juridica;122868576;Presentación de oferta;HOSPITAL UNIVERSITARIO DEPARTAMENTAL DE NARIÑO;28 días de tiempo transcurrido (3/04/2024 4:59:14 PM(UTC-05:00) Bogotá, Lima, Quito);;CO1.NTC.5927236;-;Prestación de servicios;Regla aplicable;29 días para terminar (31/05/2024 11:59:00 PM(UTC-05:00) Bogotá, Lima, Quito);Contratar el mantenimiento preventivo y correctivo con repuestos y consumibles de la Central de Gases Medicinales del Hospital Universitario Departamental de Nariño E.S.E, para las áreas de: Sistema de Producción de Aire Medicinal, Sistema de Vacío Medicinal, Sistema de Producción de Aire Industrial, Sistema de Distribución de Gases Medicinales y Aire Industrial, y la verificación al cumplimiento en Buenas Prácticas de Manufactura (BPM) como el acompañamiento durante la recertificación ante INVI;9897780542;72154100 - Servicios de mantenimiento y reparación de equipo de sistemas de distribución y acondicionamiento;0
9;PRESTACION DE SERVICIOS;000189-2024;Proceso adjudicado y celebrado;Contratación directa.;AREA METROPOLITANA DE BUCARAMANGA;150000000;Presentación de oferta;AREA METROPOLITANA DE BUCARAMANGA;21/03/2024 7:12:37 AM ((UTC-05:00) Bogotá, Lima, Quito);;CO1.NTC.5876619;-;Prestación de servicios;Servicios profesionales y apoyo a la gestión;31/12/2024 11:59:00 PM ((UTC-05:00) Bogotá, Lima, Quito);PRESTACIÓN DE SERVICIOS PARA LA ACTUALIZACIÓN Y MANTENIMIENTO DE LOS MODULOS DE TRANSPORTE, VALORIZACIÓN, COBRO COACTIVO, GESTION DE PROCESOS INMERSOS EN LA PLATAFORMA BPM.GOV, DE CONFORMIDAD CON LAS NECESIDADES DEL ÁREA METROPOLITANA DE BUCARAMANGA.;158869532;81112200 - Mantenimiento y soporte de software;0
10;servicio paas de herramienta bussines management suite (bpms) processonline y servicio de sóporte y mantenimiento para los process misionales, de apoyo, evaluación y gestión documental.;ENV-11-09-0030-24.;Proceso adjudicado y celebrado;Contratación directa.;SECRETARIA GENERAL;275000000;Presentación de oferta;MUNICIPIO DE ENVIGADO;19/03/2024 2:13:30 PM ((UTC-05:00) Bogotá, Lima, Quito);;CO1.NTC.5864055;-;Prestación de servicios;No existe pluralidad de oferentes en el mercado;30/06/2024 11:59:00 PM ((UTC-05:00) Bogotá, Lima, Quito);servicio paas de herramienta bussines management suite (bpms) processonline y servicio de sóporte y mantenimiento para los process misionales, de apoyo, evaluación y gestión documental.;486000000;81112200 - Mantenimiento y soporte de software;0
11;CONTRATO DE PRESTACIÓN DE SERVICIOS PROFESIONALES N°. 1173 DE 2024 - MINISTERIO DEL INTERIOR Y VÍCTOR DUVÁN VELÁSQUEZ LARA.a Oficina de Información Pública;CD-1173-2024;Proceso adjudicado y celebrado;Contratación directa.;SUBDIRECCION DE GESTION CONTRACTUAL;64000000;Presentación de oferta;MINISTERIO DEL INTERIOR;12/03/2024 9:38:38 AM ((UTC-05:00) Bogotá, Lima, Quito);;CO1.NTC.5820761;-;Prestación de servicios;Servicios profesionales y apoyo a la gestión;11/11/2024 11:59:00 PM ((UTC-05:00) Bogotá, Lima, Quito);Prestar sus servicios profesionales a la Oficina de Información Pública apoyando en la arquitectura de integración, diagnóstico, configuración de roles, necesidades, niveles de acceso, interacciones (modelo - base de datos), seguridad en el modelamiento y soporte de los procesos utomatizados y los que se automaticen haciendo uso de la herramienta BPM Auraportal.;1416666667;80111600 - Servicios de personal temporal;0
12;Prestación de servicios profesionales como abogado, para brindar apoyo y acompañamiento jurídico al proceso de gestión jurídica en lo relacionado con el proceso de adquisición de Bienes y Servicios de;2024-0391;Proceso adjudicado y celebrado;Contratación directa.;BPP;9895795;Presentación de oferta;BIBLIOTECA PUBLICA PILOTO DE MEDELLIN PARA AMERICA LATINA;11/03/2024 11:45:22 AM ((UTC-05:00) Bogotá, Lima, Quito);;CO1.NTC.5814456;-;Prestación de servicios;Servicios profesionales y apoyo a la gestión;1 día de tiempo transcurrido (30/04/2024 11:59:00 PM(UTC-05:00) Bogotá, Lima, Quito);"Prestación de servicios profesionales como abogado, para brindar apoyo y acompañamiento jurídico
al proceso de gestión jurídica en lo relacionado con el proceso de adquisición de Bienes y Servicios
del SBPM.";3300550773;80111600 - Servicios de personal temporal;0
13;PRESTACION DE SERVICIOS;4137.010.32.1.090-2024;Proceso adjudicado y celebrado;Contratación directa.;CONTRACION DADII 2024;10462000;Presentación de oferta;SANTIAGO DE CALI DISTRITO ESPECIAL -DEPARTAMENTO ADMINISTRATIVO DE DESARROLLO E INNOVACION INSTITUCIONAL;1/03/2024 2:19:48 PM ((UTC-05:00) Bogotá, Lima, Quito);;CO1.NTC.5764789;-;Prestación de servicios;Servicios profesionales y apoyo a la gestión;1 día de tiempo transcurrido (30/04/2024 11:50:00 PM(UTC-05:00) Bogotá, Lima, Quito);"Prestar los servicios Profesionales con el fin de brindar soporte a las actividades adelantadas en la Subdirección de Gestión Organizacional del Departamento Administrativo de Desarrollo e Innovación Institucional, en el marco del proyecto denominado ""Implementación de un modelo de diagramación de procesos en notación BPMN en la Alcaldia de Santiago de Cali BP-26002716"".";31386000;80111500 - Desarrollo de recursos humanos;0
14;servicio paas de herramienta bussines management suite (bpms) processonline y servicio de soporte y mantenimiento para los procesos misionales, de apoyo, evaluacion y gestion documental.;ENV-11-09-0030-24;Proceso en evaluación y observaciones;Contratación directa.;SECRETARIA GENERAL - DIRECCION DE TICS;550000000;Presentación de oferta;MUNICIPIO DE ENVIGADO;28/02/2024 4:35:49 PM ((UTC-05:00) Bogotá, Lima, Quito);;CO1.NTC.5749073;-;Prestación de servicios;No existe pluralidad de oferentes en el mercado;30/12/2024 11:59:00 PM ((UTC-05:00) Bogotá, Lima, Quito);servicio  paas de herramienta bussines management suite (bpms) processonline y servicio de soporte y mantenimiento para los procesos misionales, de apoyo, evaluacion y gestion documental.;486000000;81112200 - Mantenimiento y soporte de software;0
15;CONTRATO DE PRESTACION DE SERVICIOS PROFESIONALES;072-CDPP-2024;Proceso adjudicado y celebrado;Contratación directa.;OFICINA DE CONTRATACION;61689599;Presentación de oferta;MUNICIPIO DE LA MONTAÑITA CAQUETA;27/02/2024 8:47:10 PM ((UTC-05:00) Bogotá, Lima, Quito);;CO1.NTC.5743697;-;Prestación de servicios;No existe pluralidad de oferentes en el mercado;31/12/2024 11:59:00 PM ((UTC-05:00) Bogotá, Lima, Quito);"PRESTACIÓN DE SERVICIOS PARA EL MANTENIMIENTO, SOPORTE TÉCNICO Y ACTUALIZACIÓN DEL SOFTWARE SIIGO OFICIAL PARA LOS MÓDULOS: PRESUPUESTO NET, SIIGO PYME, NOMINA Y RECURSOS HUMANOS (6) SEIS USUARIOS, No. DE LICENCIA 01701999056605; PARA EL MODULO PREDIAL.NET CINCO (5) USUARIOS, NO DE LICENCIA 01-1818410-2020-5-04-BPPRE-001, SOFTWARE DE INDUSTRIA Y COMERCIO DOS USUARIOS (2) Y ARRENDAMIENTO DE LAS LICENCIAS BPM (VENTANILLA ÚNICA) Y SERVIDOR VIRTUAL EN LA ALCALDÍA DEL MUNICIPIO DE LA MONTAÑITA, DEPAR";62000000;80111600 - Servicios de personal temporal;0
16;PRESTACION DE SERVICIOS;4137.010.32.1.081-2024;Proceso adjudicado y celebrado;Contratación directa.;CONTRACION DADII 2024;13077500;Presentación de oferta;SANTIAGO DE CALI DISTRITO ESPECIAL -DEPARTAMENTO ADMINISTRATIVO DE DESARROLLO E INNOVACION INSTITUCIONAL;26/02/2024 7:02:19 PM ((UTC-05:00) Bogotá, Lima, Quito);;CO1.NTC.5735136;-;Prestación de servicios;Servicios profesionales y apoyo a la gestión;2 días de tiempo transcurrido (30/04/2024 12:00:00 AM(UTC-05:00) Bogotá, Lima, Quito);"Prestar los servicios Profesionales con el fin de brindar soporte a las actividades adelantadas en la Subdirección de Gestión Organizacional del Departamento Administrativo de Desarrollo e Innovación Institucional, en el marco del proyecto denominado ""Implementación de un modelo de diagramación de procesos en notación BPMN en la Alcaldia de Santiago de Cali BP-26002716"".";31386000;80111500 - Desarrollo de recursos humanos;0
17;141010523_RRAA_EST_2024_DM_TH Prestación de servicios profesionales para coadyuvar en el proceso estadístico que permita la construcción del Sistema de Información de Economía Popular, participando en;EDP-622-2024;Proceso adjudicado y celebrado;Contratación directa.;SECRETARIA GENERAL - DANE CENTRAL;36000000;Presentación de oferta;DEPARTAMENTO ADMINISTRATIVO NACIONAL DE ESTADISTICA (DANE);23/02/2024 3:58:06 PM ((UTC-05:00) Bogotá, Lima, Quito);;CO1.NTC.5722473;-;Prestación de servicios;Servicios profesionales y apoyo a la gestión; ;141010523_RRAA_EST_2024_DM_TH Prestación de servicios profesionales para coadyuvar en el proceso estadístico que permita la construcción del Sistema de Información de Economía Popular, participando en el análisis y documentación de procesos y resultados en el marco del GSBPM.;36000000;80111500 - Desarrollo de recursos humanos;0
18;140810523_RRAA_EST_2024_SII_TH Prestación de servicios profesionales para llevar a cabo las actividades de gestión, documentación y procesamiento de información en el marco de la construcción del Si;EDP-604-2024;Proceso adjudicado y celebrado;Contratación directa.;SECRETARIA GENERAL - DANE CENTRAL;60500000;Presentación de oferta;DEPARTAMENTO ADMINISTRATIVO NACIONAL DE ESTADISTICA (DANE);23/02/2024 9:35:46 AM ((UTC-05:00) Bogotá, Lima, Quito);;CO1.NTC.5718847;-;Prestación de servicios;Servicios profesionales y apoyo a la gestión; ;140810523_RRAA_EST_2024_SII_TH Prestación de servicios profesionales para llevar a cabo las actividades de gestión, documentación y procesamiento de información en el marco de la construcción del Sistema de Información de Economía Popular a partir del modelo de GSBPM, al igual que el relacionamiento y consolidación de marcos derivados del Registro de Actividades y Empresas.;60500000;80111500 - Desarrollo de recursos humanos;0
19;AMIR BARBOSA VARGAS;INS-CPS-060-2024;Proceso adjudicado y celebrado;Contratación directa.;SECRETARIA GENERAL;28200000;Presentación de oferta;INS;21/02/2024 3:00:59 PM ((UTC-05:00) Bogotá, Lima, Quito);;CO1.NTC.5705029;-;Prestación de servicios;Servicios profesionales y apoyo a la gestión;30/11/2024 11:59:00 PM ((UTC-05:00) Bogotá, Lima, Quito);Brindar apoyo tecnológico operativo en las actividades necesarias para el desarrollo del Plan Maestro de Validaciones, Buenas Prácticas de Laboratorio (BPL) y mantenimiento Buenas Prácticas de Manufactura (BPM).;30000000;81141500 - Control de calidad;0
20;CONTRATO DE PRESTACIÓN DE SERVICIOS PROFESIONALES N°. 938 DE 2024 - MINISTERIO DEL INTERIOR Y BIBIANA CALLEJAS MALDONADO. - Oficina de Información Pública;CD-938-2024;Proceso adjudicado y celebrado;Contratación directa.;SUBDIRECCION DE GESTION CONTRACTUAL;77500000;Presentación de oferta;MINISTERIO DEL INTERIOR;21/02/2024 11:53:19 AM ((UTC-05:00) Bogotá, Lima, Quito);;CO1.NTC.5703081;-;Prestación de servicios;Servicios profesionales y apoyo a la gestión;31/12/2024 11:59:00 PM ((UTC-05:00) Bogotá, Lima, Quito);Prestar sus servicios profesionales a la Oficina de Información Pública apoyando en la administración de la herramienta BPM (Auraportal), así como la automatización de los procesos y sistemas de información implementados y a implementar en el Ministerio del Interior;1416666667;80111600 - Servicios de personal temporal;0
21;Prestación de servicios profesionales a la Subdirección de Educación Ambiental y Participación Ciudadana de Corpamag.;CD 198 DE 2024;Proceso adjudicado y celebrado;Contratación directa.;GRUPO CONTRATOS CORPAMAG;16200000;Presentación de oferta;CORPORACION AUTONOMA REGIONAL DEL MAGDALENA;1 día de tiempo transcurrido (30/04/2024 2:21:08 PM(UTC-05:00) Bogotá, Lima, Quito);;CO1.NTC.6055079;-;Prestación de servicios;Servicios profesionales y apoyo a la gestión;1/11/2024 11:59:00 PM ((UTC-05:00) Bogotá, Lima, Quito);Prestación de servicios profesionales a la Subdirección de Educación Ambiental y Participación Ciudadana de Corpamag.;0;80101500 - Servicios de consultoría de negocios y administración corporativa;0
22;Prestación de servicios profesionales a la Subdirección de Educación Ambiental y Participación Ciudadana de Corpamag;CD 192 DE 2024;Proceso adjudicado y celebrado;Contratación directa.;GRUPO CONTRATOS CORPAMAG;21000000;Presentación de oferta;CORPORACION AUTONOMA REGIONAL DEL MAGDALENA;2 días de tiempo transcurrido (30/04/2024 10:57:14 AM(UTC-05:00) Bogotá, Lima, Quito);;CO1.NTC.6054011;-;Prestación de servicios;Servicios profesionales y apoyo a la gestión;1/11/2024 11:59:00 PM ((UTC-05:00) Bogotá, Lima, Quito);Prestación de servicios profesionales a la Subdirección de Educación Ambiental y Participación Ciudadana de Corpamag;0;80101500 - Servicios de consultoría de negocios y administración corporativa;0
23;PRESTACIÓN DE SERVICIOS PROFESIONALES A LA SUBDIRECCIÓN DE EDUCACIÓN AMBIENTAL Y PARTICIPACIÓN CIUDADANA DE CORPAMAG.;CD 191 DE 2024;Proceso adjudicado y celebrado;Contratación directa.;GRUPO CONTRATOS CORPAMAG;21000000;Presentación de oferta;CORPORACION AUTONOMA REGIONAL DEL MAGDALENA;2 días de tiempo transcurrido (30/04/2024 10:08:54 AM(UTC-05:00) Bogotá, Lima, Quito);;CO1.NTC.6053349;-;Prestación de servicios;Servicios profesionales y apoyo a la gestión;1/11/2024 11:00:00 PM ((UTC-05:00) Bogotá, Lima, Quito);PRESTACIÓN DE SERVICIOS PROFESIONALES A LA SUBDIRECCIÓN DE EDUCACIÓN AMBIENTAL Y PARTICIPACIÓN CIUDADANA DE CORPAMAG.;0;80101500 - Servicios de consultoría de negocios y administración corporativa;0
24;LEIDY VANESSA CONTRERAS HERNANDEZ;CD-SED-01276-2024;Proceso adjudicado y celebrado;Contratación directa.;Secretaría de Educación;12600000;Presentación de oferta;Gobernación Norte de Santander*;2 días de tiempo transcurrido (30/04/2024 8:52:10 AM(UTC-05:00) Bogotá, Lima, Quito);;CO1.NTC.6052480;-;Prestación de servicios;Servicios profesionales y apoyo a la gestión;29/10/2024 6:00:00 PM ((UTC-05:00) Bogotá, Lima, Quito);EL CONTRATISTA SE OBLIGA PARA CON EL DERPARTAMENTO A PRESTAR SUS SERVICIOS DE APOYO A LA GESTION A EN EL AREA DE GESTION ADMINISTRATIVA- OFICINA DE PLANTA DE PERSONAL DE LA SECRETARIA DE EDUCACION DEPARTAMENTAL;400000000;80111600 - Servicios de personal temporal;0
25;CONTRATO DE PRESTACION DE SERVCIOS;IN-CD-24-19;Proceso adjudicado y celebrado;Contratación directa.;SECRETARIA DEL INTERIOR;44000000;Presentación de oferta;DEPARTAMENTO DE SANTANDER;2 días de tiempo transcurrido (29/04/2024 5:35:43 PM(UTC-05:00) Bogotá, Lima, Quito);;CO1.NTC.6050362;-;Prestación de servicios;Servicios profesionales y apoyo a la gestión; ;PRESTAR SERVICIOS PROFESIONALES COMO PSICOLOGA DEL PROGRAMA DE JUSTICIA JUVENIL RESTAURATIVA EN LA SECRETARIA DEL INTERIOR DEL DEPARTAMENTO DE SANTANDER DENTRO DEL PROYECTO APLICACION AL PRINCIPIO DE CORRESPONSABILIDAD PARA LA PROMOCION RESPETO GARANTIA Y RESTABLECIMIENTO DE DDHH DE POBLACION SRPA EN EL DEPARTAMENTO DE SANTANDER;3359802168;80111600 - Servicios de personal temporal;0
26;CONTRATO DE PRESTACION DE SERVCIOS;IN-CD-24-18;Proceso adjudicado y celebrado;Contratación directa.;SECRETARIA DEL INTERIOR;44000000;Presentación de oferta;DEPARTAMENTO DE SANTANDER;2 días de tiempo transcurrido (29/04/2024 5:33:30 PM(UTC-05:00) Bogotá, Lima, Quito);;CO1.NTC.6050358;-;Prestación de servicios;Servicios profesionales y apoyo a la gestión; ;PRESTAR SERVICIOS PROFESIONALES COMO PSICOLOGA DEL PROGRAMA DE JUSTICIA JUVENIL RESTAURATIVA EN LA SECRETARIA DEL INTERIOR DEL DEPARTAMENTO DE SANTANDER DENTRO DEL PROYECTO APLICACION AL PRINCIPIO DE CORRESPONSABILIDAD PARA LA PROMOCION RESPETO GARANTIA Y RESTABLECIMIENTO DE DDHH DE POBLACION SRPA EN EL DEPARTAMENTO DE SANTANDER;3359802168;80111600 - Servicios de personal temporal;0
27;CONTRATO DE PRESTACION DE SERVCIOS;IN-CD-24-17;Proceso adjudicado y celebrado;Contratación directa.;SECRETARIA DEL INTERIOR;44000000;Presentación de oferta;DEPARTAMENTO DE SANTANDER;2 días de tiempo transcurrido (29/04/2024 5:30:44 PM(UTC-05:00) Bogotá, Lima, Quito);;CO1.NTC.6050348;-;Prestación de servicios;Servicios profesionales y apoyo a la gestión; ;PRESTAR SERVICIOS PROFESIONALES COMO TRABAJADOR SOCIAL DEL PROGARMA DE JUSTICIA JUVENIL RESTAURATIVA EN LA SECRETARIA DEL INTERIOR DEL DEPARTAMENTO DE SANTANDER DENTRO DEL PROYECTO APLICACION AL PRINCIPIO DE CORRESPONSABILIDAD PARA LA PROMOCION RESPETO GARANTIA Y RESTABLECIMIENTO DE DDHH DE POBLACION SRPA EN EL DEPARTAMENTO DE SANTANDER;3359802168;80111600 - Servicios de personal temporal;0
28;CONTRATO DE PRESTACION DE SERVCIOS;IN-CD-24-16;Proceso adjudicado y celebrado;Contratación directa.;SECRETARIA DEL INTERIOR;44000000;Presentación de oferta;DEPARTAMENTO DE SANTANDER;2 días de tiempo transcurrido (29/04/2024 4:30:12 PM(UTC-05:00) Bogotá, Lima, Quito);;CO1.NTC.6048685;-;Prestación de servicios;Servicios profesionales y apoyo a la gestión; ;PRESTAR SERVICIOS PROFESIONALES COMO PSICOLOGA DEL PROGRAMA DE JUSTICIA JUVENIL RESTAURATIVA EN LA SECRETARIA DEL INTERIOR DEL DEPARTAMENTO DE SANTANDER DENTRO DEL PROYECTO APLICACION AL PRINCIPIO DE CORRESPONSABILIDAD PARA LA PROMOCION RESPETO GARANTIA Y RESTABLECIMIENTO DE DDHH DE POBLACION SRPA EN EL DEPARTAMENTO DE SANTANDER;3359802168;80111600 - Servicios de personal temporal;0
29;CONTRATO DE PRESTACION DE SERVCIOS;IN-CD-24-15;Proceso adjudicado y celebrado;Contratación directa.;SECRETARIA DEL INTERIOR;44000000;Presentación de oferta;DEPARTAMENTO DE SANTANDER;2 días de tiempo transcurrido (29/04/2024 4:24:55 PM(UTC-05:00) Bogotá, Lima, Quito);;CO1.NTC.6049411;-;Prestación de servicios;Servicios profesionales y apoyo a la gestión; ;PRESTAR SERVICIOS PROFESIONALES COMO PSICOLOGO DEL PROGRAMA DE JUSTICIA JUVENIL RESTAURATIVA EN LA SECRETARIA DEL INTERIOR DEL DEPARTAMENTO DE SANTANDER DENTRO DEL PROYECTO APLICACION AL PRINCIPIO DE CORRESPONSABILIDAD PARA LA PROMOCION RESPETO GARANTIA Y RESTABLECIMIENTO DE DDHH DE POBLACION SRPA EN EL DEPARTAMENTO DE SANTANDER;3359802168;80111600 - Servicios de personal temporal;0
30;CONTRATO DE PRESTACION DE SERVCIOS;IN-CD-24-14;Proceso adjudicado y celebrado;Contratación directa.;SECRETARIA DEL INTERIOR;44000000;Presentación de oferta;DEPARTAMENTO DE SANTANDER;2 días de tiempo transcurrido (29/04/2024 4:20:21 PM(UTC-05:00) Bogotá, Lima, Quito);;CO1.NTC.6049345;-;Prestación de servicios;Servicios profesionales y apoyo a la gestión; ;PRESTAR SERVICIOS PROFESIONALES COMO PSICOLOGO DEL PROGARMA DE JUSTICIA JUVENIL RESTAURATIVA EN LA SECRETARIA DEL INTERIOR DEL DEPARTAMENTO DE SANTANDER DENTRO DEL PROYECTO APLICACION AL PRINCIPIO DE CORRESPONSABILIDAD PARA LA PROMOCION RESPETO GARANTIA Y RESTABLECIMIENTO DE DDHH DE POBLACION SRPA EN EL DEPARTAMENTO DE SANTANDER;3359802168;80111600 - Servicios de personal temporal;0
31;Prestación de servicios profesionales en la Oficina de Planeación la Corporación Autónoma Regional del Magdalena CORPAMAG, en cumplimiento de los procesos misionales relacionados con la ventanilla d;CD 189 DE 2024;Proceso adjudicado y celebrado;Contratación directa.;GRUPO CONTRATOS CORPAMAG;22200000;Presentación de oferta;CORPORACION AUTONOMA REGIONAL DEL MAGDALENA;2 días de tiempo transcurrido (29/04/2024 3:32:41 PM(UTC-05:00) Bogotá, Lima, Quito);;CO1.NTC.6048777;-;Prestación de servicios;Servicios profesionales y apoyo a la gestión;29/10/2024 11:59:00 PM ((UTC-05:00) Bogotá, Lima, Quito);Prestación de servicios profesionales en la Oficina de Planeación la Corporación Autónoma Regional del Magdalena  CORPAMAG, en cumplimiento de los procesos misionales relacionados con la ventanilla de negocios verdes.;0;80101500 - Servicios de consultoría de negocios y administración corporativa;0
32;CONTRATO DE PRESTACION DE SERVICIOS;ICBF-CPS-194812-2024-SEN;Proceso adjudicado y celebrado;Contratación directa.;ICBF sede de la Dirección General;55062500;Presentación de oferta;ICBF SEDE NACIONAL;6 días de tiempo transcurrido (26/04/2024 6:03:54 AM(UTC-05:00) Bogotá, Lima, Quito);;CO1.NTC.6037904;-;Prestación de servicios;Servicios profesionales y apoyo a la gestión;31/10/2024 11:59:00 PM ((UTC-05:00) Bogotá, Lima, Quito);"PRESTAR LOS SERVICIOS PROFESIONALES EN LA SUBDIRECCION DE ARTICULACION TERRITORIAL DE LA DIRECCION DEL SISTEMA NACIONAL DE BIENESTAR FAMILIARPARA CONTRIBUIR EN EL DISEÑO E IMPLEMENTACION Y SEGUIMIENTO DE PLANESTERRITORIALES EN EL MARCO DEL FUNCIONAMIENTO 
DEL SISTEMA NACIONAL DE BIENESTAR FAMILIAR Y LOS INDICADORES PROYECTADOS PARA EL 2024";57265000;80111600 - Servicios de personal temporal;0
33;CONTRATO DE PRESTACIÓN DE SERVICIOS PROFESIONALES;ICBF-CPS-194810-2024-SEN;Proceso adjudicado y celebrado;Contratación directa.;ICBF sede de la Dirección General;55062500;Presentación de oferta;ICBF SEDE NACIONAL;7 días de tiempo transcurrido (25/04/2024 8:04:11 AM(UTC-05:00) Bogotá, Lima, Quito);;CO1.NTC.6030860;-;Prestación de servicios;Servicios profesionales y apoyo a la gestión;31/10/2024 11:59:00 PM ((UTC-05:00) Bogotá, Lima, Quito);"PRESTAR LOS SERVICIOS PROFESIONALES EN LA SUBDIRECCION DE ARTICULACION
TERRITORIAL DE LA DIRECCION DEL SISTEMA NACIONAL DE BIENESTAR FAMILIARPARA CONTRIBUIR EN EL DISEÑO E IMPLEMENTACION Y SEGUIMIENTO DE PLANES TERRITORIALES EN EL MARCO DEL FUNCIONAMIENTO DEL SISTEMA NACIONAL DE
BIENESTAR FAMILIAR Y LOS INDICADORES PROYECTADOS PARA EL 2024";57265000;80111600 - Servicios de personal temporal;0
34;CONTRATO DE PRESTACION DE SERVCIOS;IN-CD-24-13;Proceso adjudicado y celebrado;Contratación directa.;SECRETARIA DEL INTERIOR;44000000;Presentación de oferta;DEPARTAMENTO DE SANTANDER;7 días de tiempo transcurrido (24/04/2024 7:50:23 PM(UTC-05:00) Bogotá, Lima, Quito);;CO1.NTC.6029574;-;Prestación de servicios;Servicios profesionales y apoyo a la gestión; ;PRESTAR SERVICIOS PROFESIONALES COMO TRABAJADOR SOCIAL DEL PROGARMA DE JUSTICIA JUVENIL RESTAURATIVA EN LA SECRETARIA DEL INTERIOR DEL DEPARTAMENTO DE SANTANDER DENTRO DEL PROYECTO APLICACION AL PRINCIPIO DE CORRESPONSABILIDAD PARA LA PROMOCION RESPETO GARANTIA Y RESTABLECIMIENTO DE DDHH DE POBLACION SRPA EN EL DEPARTAMENTO DE SANTANDER;3359802168;80111600 - Servicios de personal temporal;0
35;CONTRATO DE PRESTACION DE SERVCIOS;IN-CD-24-12;Proceso adjudicado y celebrado;Contratación directa.;SECRETARIA DEL INTERIOR;60000000;Presentación de oferta;DEPARTAMENTO DE SANTANDER;7 días de tiempo transcurrido (24/04/2024 7:48:07 PM(UTC-05:00) Bogotá, Lima, Quito);;CO1.NTC.6029571;-;Prestación de servicios;Servicios profesionales y apoyo a la gestión; ;PRESTAR SERVICIOS PROFESIONALES COMO ABOGADO DEL PROGARMA DE JUSTICIA JUVENIL RESTAURATIVA EN LA SECRETARIA DEL INTERIOR DEL DEPARTAMENTO DE SANTANDER DENTRO DEL PROYECTO APLICACION AL PRINCIPIO DE CORRESPONSABILIDAD PARA LA PROMOCION RESPETO GARANTIA Y RESTABLECIMIENTO DE DDHH DE POBLACION SRPA EN EL DEPARTAMENTO DE SANTANDER;3359802168;80111600 - Servicios de personal temporal;0
36;CONTRATO DE PRESTACION DE SERVCIOS;IN-CD-24-11;Proceso adjudicado y celebrado;Contratación directa.;SECRETARIA DEL INTERIOR;44000000;Presentación de oferta;DEPARTAMENTO DE SANTANDER;7 días de tiempo transcurrido (24/04/2024 7:45:25 PM(UTC-05:00) Bogotá, Lima, Quito);;CO1.NTC.6029568;-;Prestación de servicios;Servicios profesionales y apoyo a la gestión; ;PRESTAR SERVICIOS PROFESIONALES COMO TRABAJADOR SOCIAL DEL PROGARMA DE JUSTICIA JUVENIL RESTAURATIVA EN LA SECRETARIA DEL INTERIOR DEL DEPARTAMENTO DE SANTANDER DENTRO DEL PROYECTO APLICACION AL PRINCIPIO DE CORRESPONSABILIDAD PARA LA PROMOCION RESPETO GARANTIA Y RESTABLECIMIENTO DE DDHH DE POBLACION SRPA EN EL DEPARTAMENTO DE SANTANDER;3359802168;80111600 - Servicios de personal temporal;0
37;CONTRATO DE PRESTACION DE SERVCIOS;IN-CD-24-10;Proceso adjudicado y celebrado;Contratación directa.;SECRETARIA DEL INTERIOR;44000000;Presentación de oferta;DEPARTAMENTO DE SANTANDER;7 días de tiempo transcurrido (24/04/2024 7:43:10 PM(UTC-05:00) Bogotá, Lima, Quito);;CO1.NTC.6029294;-;Prestación de servicios;Servicios profesionales y apoyo a la gestión; ;PRESTAR SERVICIOS PROFESIONALES COMO ABOGADO DEL PROGARMA DE JUSTICIA JUVENIL RESTAURATIVA EN LA SECRETARIA DEL INTERIOR DEL DEPARTAMENTO DE SANTANDER DENTRO DEL PROYECTO APLICACION AL PRINCIPIO DE CORRESPONSABILIDAD PARA LA PROMOCION RESPETO GARANTIA Y RESTABLECIMIENTO DE DDHH DE POBLACION SRPA EN EL DEPARTAMENTO DE SANTANDER;3359802168;80111600 - Servicios de personal temporal;0
38;CONTRATO DE PRESTACION DE SERVCIOS;IN-CD-24-09;Proceso adjudicado y celebrado;Contratación directa.;SECRETARIA DEL INTERIOR;44000000;Presentación de oferta;DEPARTAMENTO DE SANTANDER;7 días de tiempo transcurrido (24/04/2024 7:40:14 PM(UTC-05:00) Bogotá, Lima, Quito);;CO1.NTC.6029777;-;Prestación de servicios;Servicios profesionales y apoyo a la gestión; ;PRESTAR SERVICIOS PROFESIONALES COMO ABOGADO DEL PROGARMA DE JUSTICIA JUVENIL RESTAURATIVA EN LA SECRETARIA DEL INTERIOR DEL DEPARTAMENTO DE SANTANDER DENTRO DEL PROYECTO APLICACION AL PRINCIPIO DE CORRESPONSABILIDAD PARA LA PROMOCION RESPETO GARANTIA Y RESTABLECIMIENTO DE DDHH DE POBLACION SRPA EN EL DEPARTAMENTO DE SANTANDER;3359802168;80111600 - Servicios de personal temporal;0
39;Prestación de servicios profesionales de defensa jurídica de los interés de la Corporación Autónoma Regional del Magdalena CORPAMAG, de acuerdo con las más elevadas normas de competencia, idoneidad;CD 182 DE 2024;Proceso adjudicado y celebrado;Contratación directa.;GRUPO CONTRATOS CORPAMAG;36000000;Presentación de oferta;CORPORACION AUTONOMA REGIONAL DEL MAGDALENA;8 días de tiempo transcurrido (24/04/2024 1:03:10 PM(UTC-05:00) Bogotá, Lima, Quito);;CO1.NTC.6026727;-;Prestación de servicios;Servicios profesionales y apoyo a la gestión;24/10/2024 11:59:00 PM ((UTC-05:00) Bogotá, Lima, Quito);Prestación de servicios profesionales de defensa jurídica de los interés de la Corporación Autónoma Regional del Magdalena  CORPAMAG, de acuerdo con las más elevadas normas de competencia, idoneidad e integridad ética y profesional, en los procesos judiciales y/o administrativos en los que a través de poder debidamente conferido, funja como apoderado de la entidad.;0;80101500 - Servicios de consultoría de negocios y administración corporativa;0
40;JOSE ARMANDO PULIDO RUIZ;107225;Proceso adjudicado y celebrado;Contratación directa.;DIRECCION DE CONTRATACION;20000000;Presentación de oferta;SECRETARIA DISTRITAL DE GOBIERNO 1;8 días de tiempo transcurrido (24/04/2024 12:16:48 PM(UTC-05:00) Bogotá, Lima, Quito);;CO1.NTC.6026178;-;Prestación de servicios;Servicios profesionales y apoyo a la gestión;23/08/2024 11:00:00 PM ((UTC-05:00) Bogotá, Lima, Quito);"PRESTAR SERVICIOS PROFESIONALES EN LA SUBDIRECCIÓN DE ASUNTOS DE LA LIBERTAD RELIGIOSA Y DE CONCIENCIA PARA REALIZAR LA
GESTIÓN TÉCNICA PARA LA IMPLEMENTACIÓN Y TERRITORIZALIZACIÓN DE LA POLÍTICA PÚBLICA DISTRITAL DE LIBERTADES FUNDAMENTALES
DE RELIGIÓN, CULTO Y CONCIENCIA Y LA PLATAFORMA INTERRELIGIOSA PARA LA ACCIÓN SOCIAL Y COMUNITARIA (PIRPAS) Y EL
FORTALECIMIENTO DE LA PARTICIPACIÓN CIUDADANA DEL SECTOR";20000000;80111600 - Servicios de personal temporal;0
41;PRESTACIÓN DE SERVICIOS DE APOYO LOGÍSTICO, TÉCNICO Y AUDIOVISUAL PARA LA PUESTA EN MARCHA DE LA AUDIENCIA PÚBLICA;CD 183 DE 2024;Proceso adjudicado y celebrado;Contratación directa.;GRUPO CONTRATOS CORPAMAG;54000000;Presentación de oferta;CORPORACION AUTONOMA REGIONAL DEL MAGDALENA;8 días de tiempo transcurrido (24/04/2024 11:30:47 AM(UTC-05:00) Bogotá, Lima, Quito);;CO1.NTC.6025697;-;Prestación de servicios;Servicios profesionales y apoyo a la gestión;22 días para terminar (24/05/2024 11:00:00 PM(UTC-05:00) Bogotá, Lima, Quito);PRESTACIÓN DE SERVICIOS DE APOYO LOGÍSTICO, TÉCNICO Y AUDIOVISUAL PARA LA PUESTA EN MARCHA DE LA AUDIENCIA PÚBLICA DE SEGUIMIENTO AL PLAN DE ACCIÓN INSTITUCIONAL 2024-2027, CORRESPONDIENTE A LA VIGENCIA 2024 DE LA CORPORACIÓN AUTÓNOMA REGIONAL DEL MAGDALENA CORPAMAG.;0;80101500 - Servicios de consultoría de negocios y administración corporativa;0
42;CONTRATO DE APORTES;ICBF-198590-2023-TOL;Proceso adjudicado y celebrado;Contratación régimen especial;INSTITUTO COLOMBIANO DE BIENESTAR FAMILIAR REGIONAL TOLIMA;8689423;Presentación de oferta;ICBF REGIONAL TOLIMA;9 días de tiempo transcurrido (22/04/2024 4:18:57 PM(UTC-05:00) Bogotá, Lima, Quito);;CO1.NTC.6015526;-;Otro;Regla aplicable; ;"BRINDAR ATENCIÓN ESPECIALIZADA A LOS ADOLESCENTES Y JÓVENES EN CONFLICTO CON LA LEY PENAL, EN LA MODALIDAD PRIVACIÓN DE LA LIBERTAD EN DETENCIÓN DOMICILIARIA PARA EL CUMPLIMIENTO DE LAS SANCIONES IMPUESTAS POR LA AUTORIDAD JUDICIAL, CONFORME A LAS DISPOSICIONES LEGALES, LINEAMIENTOS TÉCNICOS Y MANUAL OPERATIVO DE LAS MODALIDADES QUE ATIENDEN MEDIDAS Y SANCIONES
DEL PROCESO JUDICIAL SRPA VIGENTES";0;93141500 - Desarrollo y servicios sociales;0
43;Prestación de servicios profesionales de abogado para el desarrollo de las funciones de la oficina jurídica y apoyo en defensa como apoderado de la Corporación Autónoma Regional del Magdalena CORPAMA;CD 177 DE 2024;Proceso adjudicado y celebrado;Contratación directa.;GRUPO CONTRATOS CORPAMAG;20400000;Presentación de oferta;CORPORACION AUTONOMA REGIONAL DEL MAGDALENA;10 días de tiempo transcurrido (22/04/2024 8:05:13 AM(UTC-05:00) Bogotá, Lima, Quito);;CO1.NTC.6012216;-;Prestación de servicios;Servicios profesionales y apoyo a la gestión;22/10/2024 11:59:00 PM ((UTC-05:00) Bogotá, Lima, Quito);"Prestación de servicios profesionales de abogado para el desarrollo de las funciones de la oficina 
jurídica y apoyo en defensa como apoderado de la Corporación Autónoma Regional del Magdalena CORPAMAG.";0;80101500 - Servicios de consultoría de negocios y administración corporativa;0
44;LUIS DANIEL LOPEZ TORRES;ODS-183-2023;Publicado;Contratación régimen especial;JURIDICA;300000;Presentación de oferta;E.S.E HOSPITAL 7 DE AGOSTO;12 días de tiempo transcurrido (19/04/2024 5:21:16 PM(UTC-05:00) Bogotá, Lima, Quito);;CO1.NTC.6008149;-;Prestación de servicios;Regla aplicable;30/06/2023 12:00:00 PM ((UTC-05:00) Bogotá, Lima, Quito);PRESTAR SERVICIOS DE CELADURIA DE LA CARPA MOVIL PROPIEDAD DE LA ENTIDAD UBICADA EN EL CORREGIMIENTO DE CERRO GRANDE ORGANISMO DEPENDIENTE DE LA E.S.E.;0;80111600 - Servicios de personal temporal;0
45;ENTERDEV SAS;CD-724-2024;Proceso adjudicado y celebrado;Contratación régimen especial;GRUPO DE CONTRATACION;222649432;Presentación de oferta;INSTITUTO COLOMBIANO DE CREDITO EDUCATIVO Y ESTUDIO TÉCNICOS EN EL EXTERIOR MARIANO OSPINA PEREZ.;13 días de tiempo transcurrido (18/04/2024 3:47:33 PM(UTC-05:00) Bogotá, Lima, Quito);;CO1.NTC.6001332;-;Prestación de servicios;Regla aplicable;13 días de tiempo transcurrido (18/04/2024 11:59:00 PM(UTC-05:00) Bogotá, Lima, Quito);Contratar la Adquisición del licenciamiento Agility RPA MultiInstancia y el Soporte especializado para los procesos automatizados por RPA en el ICETEX.;228667181;43231500 - Software funcional específico de la empresa;1
46;4500127860;4500127860;Publicado;Contratación régimen especial;Coordinación Unidad de Asesoria Juridica en Contratos y Convenios;204680;Presentación de oferta;UNIVERSIDAD DE ANTIOQUIA;13 días de tiempo transcurrido (18/04/2024 3:30:53 PM(UTC-05:00) Bogotá, Lima, Quito);;CO1.NTC.6000900;-;Compraventa;Regla aplicable;25 días para terminar (28/05/2024 12:00:00 AM(UTC-05:00) Bogotá, Lima, Quito);comrpa  Tabla digital EasyPen i608x deal para escribir a mano, firmar, pintar y dibujar, Área de trabajo de 6 x 8, nivel de sensibilidad 2048 a la presión de la pluma para todas las formas y control de espesor, Portalápices para colocar bolígrafos, lápiz inalámbrico, resolución 5120 LPI  Debe incluir lápiz  Garantía 1 año.;0;43222600 - Equipo de servicio de red;0
47;DISEÑOS Y CONSTRUCCIONES PARAISO S.A.S.;CPS-384-2023;Publicado;Contratación régimen especial;JURIDICA;46594600;Presentación de oferta;E.S.E HOSPITAL 7 DE AGOSTO;13 días de tiempo transcurrido (18/04/2024 3:06:57 PM(UTC-05:00) Bogotá, Lima, Quito);;CO1.NTC.6000766;-;Prestación de servicios;Regla aplicable;14/08/2023 12:00:00 PM ((UTC-05:00) Bogotá, Lima, Quito);SERVICIOS DE MANTENIMIENTO Y ADECUACION DEL PUESTO DE SALUD POLICARPA ORGANISMO DEPENDIENTE DE LA ENTIDAD.;0;72103300 - Servicios de mantenimiento y reparación de infraestructura;0
48;PRESTACIÓN DE SERVICIOS PARA LA IMPLEMENTACIÓN Y SEGUIMIENTO DE LOS PROGRAMAS Y PROYECTOS DIRIGIDOS AL FORTALECIMIENTO DEL SISTEMA DE RESPONSABILIDAD PENAL PARA ADOLESCENTES;CD-466-2024;Proceso adjudicado y celebrado;Contratación directa.;SECRETARÍA GENERAL;62400000;Presentación de oferta;DEPARTAMENTO DEL ATLANTICO;14 días de tiempo transcurrido (17/04/2024 3:22:47 PM(UTC-05:00) Bogotá, Lima, Quito);;CO1.NTC.5994866;-;Prestación de servicios;Servicios profesionales y apoyo a la gestión;31/12/2024 11:59:00 PM ((UTC-05:00) Bogotá, Lima, Quito);PRESTACIÓN DE SERVICIOS PARA LA IMPLEMENTACIÓN Y SEGUIMIENTO DE LOS PROGRAMAS Y PROYECTOS DIRIGIDOS AL FORTALECIMIENTO DEL SISTEMA DE RESPONSABILIDAD PENAL PARA ADOLESCENTES - SRPA- EN EL DEPARTAMENTO DEL ATLÁNTICO;90000000000;80111600 - Servicios de personal temporal;0
49;Prestación de servicios profesionales de un abogado como asesor externo a los procesos de la Secretaría General de CORPAMAG.;CD 174 DE 2024;Proceso adjudicado y celebrado;Contratación directa.;GRUPO CONTRATOS CORPAMAG;45000000;Presentación de oferta;CORPORACION AUTONOMA REGIONAL DEL MAGDALENA;15 días de tiempo transcurrido (17/04/2024 12:03:09 PM(UTC-05:00) Bogotá, Lima, Quito);;CO1.NTC.5993582;-;Prestación de servicios;Servicios profesionales y apoyo a la gestión;17/10/2024 11:59:00 PM ((UTC-05:00) Bogotá, Lima, Quito);"Prestación de servicios profesionales de un abogado como asesor externo a los procesos de la Secretaría General de 
CORPAMAG.";0;80101500 - Servicios de consultoría de negocios y administración corporativa;0
50;SERVICIOS DE APOYO A LA GESTION PARA LA FORMACIÓN DE LOS PROCESOS ARTISTICOS E IMPLEMENTACIÓN DE LA MODALIDAD ARPA EN LOS NIVELES DE INICIACION Y FORMACION EN EL MUNICIPIO DE ACACÍAS, META;OCA-CD-342-2024;Proceso adjudicado y celebrado;Contratación directa.;OFICINA DE CONTRATACION;17461800;Presentación de oferta;ALCALDIA DEL MUNICIPIO DE ACACIAS;15 días de tiempo transcurrido (17/04/2024 12:00:03 PM(UTC-05:00) Bogotá, Lima, Quito);;CO1.NTC.5993797;-;Prestación de servicios;Servicios profesionales y apoyo a la gestión;17/09/2024 6:00:00 PM ((UTC-05:00) Bogotá, Lima, Quito);SERVICIOS DE APOYO A LA GESTION PARA LA FORMACIÓN DE LOS PROCESOS ARTISTICOS E IMPLEMENTACIÓN DE LA MODALIDAD ARPA EN LOS NIVELES DE INICIACION Y FORMACION EN EL MUNICIPIO DE ACACÍAS - META.;38500000;80111600 - Servicios de personal temporal;0
51;Prestación de servicios de apoyo a la Gestión Financiera de la Secretaria General de Corpamag.;CD 173 DE 2024;Proceso adjudicado y celebrado;Contratación directa.;GRUPO CONTRATOS CORPAMAG;21000000;Presentación de oferta;CORPORACION AUTONOMA REGIONAL DEL MAGDALENA;15 días de tiempo transcurrido (17/04/2024 11:10:52 AM(UTC-05:00) Bogotá, Lima, Quito);;CO1.NTC.5993623;-;Prestación de servicios;Servicios profesionales y apoyo a la gestión;17/10/2024 11:59:00 PM ((UTC-05:00) Bogotá, Lima, Quito);Prestación de servicios de apoyo a la Gestión Financiera de la Secretaria General de Corpamag.;0;80101500 - Servicios de consultoría de negocios y administración corporativa;0
52;Prestación de servicios profesionales de defensa jurídica de los interés de la Corporación Autónoma Regional del Magdalena CORPAMAG, de acuerdo con las más elevadas normas de competencia, idoneidad;CD 171 DE 2024;Proceso adjudicado y celebrado;Contratación directa.;GRUPO CONTRATOS CORPAMAG;36000000;Presentación de oferta;CORPORACION AUTONOMA REGIONAL DEL MAGDALENA;15 días de tiempo transcurrido (17/04/2024 9:27:44 AM(UTC-05:00) Bogotá, Lima, Quito);;CO1.NTC.5992533;-;Prestación de servicios;Servicios profesionales y apoyo a la gestión;17/10/2024 11:59:00 PM ((UTC-05:00) Bogotá, Lima, Quito);Prestación de servicios profesionales de defensa jurídica de los interés de la Corporación Autónoma Regional del Magdalena  CORPAMAG, de acuerdo con las más elevadas normas de competencia, idoneidad e integridad ética y profesional, en los procesos judiciales y/o administrativos en los que a través de poder debidamente conferido, funja como apoderado de la entidad.;0;80101500 - Servicios de consultoría de negocios y administración corporativa;0
53;JESUS DAVID QUINTERO HERNANDEZ;CD-SED-00868-2024;Proceso adjudicado y celebrado;Contratación directa.;Secretaría de Educación;11520000;Presentación de oferta;Gobernación Norte de Santander*;17 días de tiempo transcurrido (15/04/2024 9:04:54 AM(UTC-05:00) Bogotá, Lima, Quito);;CO1.NTC.5979667;-;Prestación de servicios;Servicios profesionales y apoyo a la gestión;16/08/2024 6:00:00 PM ((UTC-05:00) Bogotá, Lima, Quito);EL CONTRATISTA SE OBLIGA PARA CON EL DERPARTAMENTO A PRESTAR SUS SERVICIOS PROFESIONAL EN EL AREA DE GESTION ADMINISTRATIVA DE LA SECRETARIA DE EDUCACION DENTRO DEL MACROPROCESO H GESTION DEL TALENTO HUMANO.;615540000;80111600 - Servicios de personal temporal;0
54;LUIS DANIEL LOPEZ TORRES;ODS-043-2024;Publicado;Contratación régimen especial;JURIDICA;300000;Presentación de oferta;E.S.E HOSPITAL 7 DE AGOSTO;19 días de tiempo transcurrido (12/04/2024 5:10:20 PM(UTC-05:00) Bogotá, Lima, Quito);;CO1.NTC.5975688;-;Prestación de servicios;Regla aplicable;31/03/2024 12:00:00 PM ((UTC-05:00) Bogotá, Lima, Quito);PRESTAR SERVICIOS DE CELADUARIA DE LA CARPA MOVIL UBICADA EN EL CORREGIMIENTO DE CERRO GRANDE ORGANISMO DEPENDIENTE DE LA ENTIDAD.;0;80111600 - Servicios de personal temporal;0
55;prestación de servicio;CD-2024-2124;Proceso adjudicado y celebrado;Contratación directa.;Departamento Administrativo de Contratación Pública;6600000;Presentación de oferta;ALCALDIA DE PASTO;20 días de tiempo transcurrido (12/04/2024 9:20:41 AM(UTC-05:00) Bogotá, Lima, Quito);;CO1.NTC.5971803;-;Prestación de servicios;Servicios profesionales y apoyo a la gestión;30/06/2024 6:00:00 PM ((UTC-05:00) Bogotá, Lima, Quito);"Prestar sus servicios como profesional, con plena autonomía técnica y administrativa en la Secretaría De Bienestar Social, contemplados dentro del proyecto ""FORTALECIMIENTO DE VINCULOS PROTECTORES DE FAMILIAS VULNERABLES VIGENCIA 2024 EN EL MUNICPIO DE PASTO"", radicado en el Banco de Proyectos de la Oficina de Planeación de gestión Institucional bajo el Numero 2023520010014 de 29 de diciembre de 2023"" con código PAA, SBS-RPA.";24200000;80111600 - Servicios de personal temporal;0
56;YENFRI YELITZA ORTIZ FLOREZ;CD-SED- 00835-2024;Proceso adjudicado y celebrado;Contratación directa.;Secretaría de Educación;11520000;Presentación de oferta;Gobernación Norte de Santander*;20 días de tiempo transcurrido (11/04/2024 6:17:15 PM(UTC-05:00) Bogotá, Lima, Quito);;CO1.NTC.5969672;-;Prestación de servicios;Servicios profesionales y apoyo a la gestión;11/08/2024 12:00:00 PM ((UTC-05:00) Bogotá, Lima, Quito);EL CONTRATISTA SE OBLIGA PARA CON EL DERPARTAMENTO A PRESTAR SUS SERVICIOS PROFESIONALES EN EL AREA DE GESTION ADMINISTRATIVA DE LA SECRETARIA DE EDUCACION DENTRO DEL MACROPROCESO H GESTION DEL TALENTO HUMANO.;615540000;80111600 - Servicios de personal temporal;0
57;CONTRATO DE PRESTACION DE SERVCIOS;IN-CD-24-07;Proceso adjudicado y celebrado;Contratación directa.;SECRETARIA DEL INTERIOR;53550000;Presentación de oferta;DEPARTAMENTO DE SANTANDER;21 días de tiempo transcurrido (10/04/2024 9:19:36 PM(UTC-05:00) Bogotá, Lima, Quito);;CO1.NTC.5963058;-;Prestación de servicios;Servicios profesionales y apoyo a la gestión; ;PRESTAR SERVICIOS PROFESIONALES COMO COMUNICADOR SOCIAL EN LA SECRETARIA DEL INTERIOR DEL DEPARTAMENTO DE SANTANDER DENTRO DEL PROYECTO APLICACION AL PRINCIPIO DE CORRESPONSABILIDAD PARA LA PROMOCION RESPETO GARANTIA Y RESTABLECIMIENTO DE DDHH DE POBLACION SRPA EN EL DEPARTAMENTO DE SANTANDER;3359802168;80111600 - Servicios de personal temporal;0
58;PRESTACION DE SERVICIOS DE APOYO A LA GESTION COMO PIANISTA ACOMPAÑANTE, FORMADOR DE ORGANETA Y PROFESOR DE PIANO PARA EL FORTALECIMIENTO DE LAS ESCUELAS DE FORMACIÓN ARTISCA Y CULTURAL DEL INSTITUTO;2024034;Proceso adjudicado y celebrado;Contratación directa.;CONTRATACIÓN INSTITUTO MUNICIPAL DE CULTURA TABIO;5680000;Presentación de oferta;INSTITUTO MUNICIPAL DE CULTURA JOAQUIN PIÑEROS CORPAS;21 días de tiempo transcurrido (10/04/2024 6:27:20 PM(UTC-05:00) Bogotá, Lima, Quito);;CO1.NTC.5962366;-;Prestación de servicios;Servicios profesionales y apoyo a la gestión;10/08/2024 12:00:00 PM ((UTC-05:00) Bogotá, Lima, Quito);PRESTACION DE SERVICIOS DE APOYO A LA GESTION COMO PIANISTA ACOMPAÑANTE, FORMADOR DE ORGANETA Y PROFESOR DE PIANO PARA EL FORTALECIMIENTO DE LAS ESCUELAS DE FORMACIÓN ARTISCA Y CULTURAL DEL INSTITUTO MUNICIPAL DE CULTURA JOAQUÍN PIÑEROS CORPAS DE TABIO.;0;80111600 - Servicios de personal temporal;0
59;PRESTACION DEL SERVICIO DE RECAUDO DE LA FACTURACIÓN EMITIDA A LOS USUARIOS;117-2024;Publicado;Contratación régimen especial;UNIDAD DE CONTRATACION;20000000;Presentación de oferta;EMPRESA MUNICIPAL DE SERVICIOS PUBLICOS DE ARAUCA EMSERPA E.I.C.E. E.S.P.;21 días de tiempo transcurrido (10/04/2024 2:37:01 PM(UTC-05:00) Bogotá, Lima, Quito);;CO1.NTC.5959172;-;Prestación de servicios;Regla aplicable;9/12/2024 11:59:00 PM ((UTC-05:00) Bogotá, Lima, Quito);PRESTACION DEL SERVICIO DE RECAUDO DE LA FACTURACIÓN EMITIDA A LOS USUARIOS DE LOS SERVICIOS DE ACUEDUCTO, ALCANTARILLADO Y ASEO QUE PRESTA LA EMPRESA MUNICIPAL DE SERVICIOS PÚBLICOS DE ARAUCA EMSERPA EICE ESP;200000000;93151500 - Administración pública;0
60;Prestación de servicios profesionales a CORPAMAG para la puesta en marcha de acciones que fortalezca la gestión de las comunicaciones;CD 161 DE 2024;Proceso adjudicado y celebrado;Contratación directa.;GRUPO CONTRATOS CORPAMAG;24000000;Presentación de oferta;CORPORACION AUTONOMA REGIONAL DEL MAGDALENA;21 días de tiempo transcurrido (10/04/2024 2:26:13 PM(UTC-05:00) Bogotá, Lima, Quito);;CO1.NTC.5959148;-;Prestación de servicios;Servicios profesionales y apoyo a la gestión;10/10/2024 11:59:00 PM ((UTC-05:00) Bogotá, Lima, Quito);"Prestación de servicios profesionales a CORPAMAG para la puesta en marcha de acciones que fortalezca la gestión de las 
comunicaciones";0;80101500 - Servicios de consultoría de negocios y administración corporativa;0
61;FLOR ANGELICA RUEDA ROZO;106897;Proceso adjudicado y celebrado;Contratación directa.;DIRECCION DE CONTRATACION;23600000;Presentación de oferta;SECRETARIA DISTRITAL DE GOBIERNO 1;22 días de tiempo transcurrido (9/04/2024 10:12:45 PM(UTC-05:00) Bogotá, Lima, Quito);;CO1.NTC.5956860;-;Prestación de servicios;Servicios profesionales y apoyo a la gestión;10/08/2024 11:00:00 PM ((UTC-05:00) Bogotá, Lima, Quito);PRESTAR SERVICIOS PROFESIONALES EN LA SUBDIRECCIÓN DE ASUNTOS DE LA LIBERTAD RELIGIOSA Y DE CONCIENCIA PARA REALIZAR LA GESTIÓN TÉCNICA PARA LA IMPLEMENTACIÓN Y TERRITORIZALIZACIÓN DE LA POLÍTICA PÚBLICA DISTRITAL DE LIBERTADES FUNDAMENTALES DE RELIGIÓN, CULTO Y CONCIENCIA Y LA PLATAFORMA INTERRELIGIOSA PARA LA ACCIÓN SOCIAL Y COMUNITARIA (PIRPAS) Y EL FORTALECIMIENTO DE LA PARTICIPACIÓN CIUDADANA DEL SECTOR;23600000;80111600 - Servicios de personal temporal;0
62;PRESTACIÓN DE SERVICIOS PROFESIONALES A LA SUBDIRECCIÓN DE EDUCACIÓN AMBIENTAL Y PARTICIPACIÓN CIUDADANA DE CORPAMAG. .;CD 159 DE 2024;Proceso adjudicado y celebrado;Contratación directa.;GRUPO CONTRATOS CORPAMAG;21000000;Presentación de oferta;CORPORACION AUTONOMA REGIONAL DEL MAGDALENA;22 días de tiempo transcurrido (9/04/2024 2:07:04 PM(UTC-05:00) Bogotá, Lima, Quito);;CO1.NTC.5953699;-;Prestación de servicios;Servicios profesionales y apoyo a la gestión;9/10/2024 11:00:00 PM ((UTC-05:00) Bogotá, Lima, Quito);"PRESTACIÓN DE SERVICIOS PROFESIONALES A LA SUBDIRECCIÓN DE EDUCACIÓN AMBIENTAL Y PARTICIPACIÓN CIUDADANA DE CORPAMAG.
.";0;80101500 - Servicios de consultoría de negocios y administración corporativa;0
63;PRESTACIÓN DE SERVICIOS PROFESIONALES A CORPAMAG PARA EL DESARROLLO DE ACCIONES DE COMUNICACIÓN INTERNA QUE FORTALEZCAN LA GESTIÓN INSTITUCIONAL.;CD 157 DE 2024;Proceso adjudicado y celebrado;Contratación directa.;GRUPO CONTRATOS CORPAMAG;24000000;Presentación de oferta;CORPORACION AUTONOMA REGIONAL DEL MAGDALENA;23 días de tiempo transcurrido (9/04/2024 1:30:11 PM(UTC-05:00) Bogotá, Lima, Quito);;CO1.NTC.5953644;-;Prestación de servicios;Servicios profesionales y apoyo a la gestión;9/10/2024 11:00:00 PM ((UTC-05:00) Bogotá, Lima, Quito);PRESTACIÓN DE SERVICIOS PROFESIONALES A CORPAMAG PARA EL DESARROLLO DE ACCIONES DE COMUNICACIÓN INTERNA QUE FORTALEZCAN LA GESTIÓN INSTITUCIONAL.;0;80101500 - Servicios de consultoría de negocios y administración corporativa;0
64;LUIS DANIEL LOPEZ TORRES;ODS-036-2024;Publicado;Contratación régimen especial;JURIDICA;300000;Presentación de oferta;E.S.E HOSPITAL 7 DE AGOSTO;23 días de tiempo transcurrido (9/04/2024 10:59:53 AM(UTC-05:00) Bogotá, Lima, Quito);;CO1.NTC.5952804;-;Prestación de servicios;Regla aplicable;29/02/2024 12:00:00 PM ((UTC-05:00) Bogotá, Lima, Quito);PRESTAR SERVICIOS DE CELADURIA Y VIGILANCIA A LA CARPA MOVIL UBICADA EN EL CORREGIMIENTO DE CERRO GRANDE ORGANISMO DEPENDIENTE DE LA ENTIDAD.;0;80111600 - Servicios de personal temporal;0
65;RENOVACIÓN PLATAFORMA AMAZON WEB SERVICES;114-2024;Publicado;Contratación régimen especial;UNIDAD DE CONTRATACION;7500000;Presentación de oferta;EMPRESA MUNICIPAL DE SERVICIOS PUBLICOS DE ARAUCA EMSERPA E.I.C.E. E.S.P.;24 días de tiempo transcurrido (8/04/2024 11:13:50 AM(UTC-05:00) Bogotá, Lima, Quito);;CO1.NTC.5946435;-;Prestación de servicios;Regla aplicable;14 días de tiempo transcurrido (17/04/2024 11:59:00 PM(UTC-05:00) Bogotá, Lima, Quito);RENOVACIÓN PLATAFORMA AMAZON WEB SERVICES DEL SITIO WEB INSTITUCIONAL DE LA EMPRESA MUNICIPAL DE SERVICIOS PUBLICOS DE ARAUCA EMSERPA EICE ESP;7500000;81111500 - Ingeniería de software o hardware;0
66;PRESTAR SERVICIOS PROFESIONALES PARA BRINDAR ACOMPAÑAMIENTO EN EL DESARROLLO DE ACCIONES TECNICAS;81000982024;Proceso adjudicado y celebrado;Contratación directa.;ICBF REGIONAL ARAUCA;38934000;Presentación de oferta;ICBF REGIONAL ARAUCA *;26 días de tiempo transcurrido (5/04/2024 4:26:24 PM(UTC-05:00) Bogotá, Lima, Quito);;CO1.NTC.5940328;-;Prestación de servicios;Servicios profesionales y apoyo a la gestión;31/12/2024 11:00:00 PM ((UTC-05:00) Bogotá, Lima, Quito);PRESTAR SERVICIOS PROFESIONALES PARA BRINDAR ACOMPAÑAMIENTO EN EL DESARROLLO DE ACCIONES TECNICAS, METODOLOGICAS, PEDAGOGICAS Y OPERATIVAS QUE GARANTICEN LA PROMOCION DE DERECHOS Y PREVENCION DE VULNERACIONES RELACIONADAS CON NIÑAS, NIÑOS, ADOLESCENCIA, FAMILIAS Y COMUNIDADES DE LA CASA ATRPASUEÑOS ASIGNADO;0;80111600 - Servicios de personal temporal;0
414;CPS 001 DE 2024-ENLACES IPS.A.S;CPS  001 DE 2024-ENLACES IPS.A.S;Publicado;Contratación régimen especial;CONTRATOS LAS CEIBAS EMPRESAS PUBLICAS DE NEIVA;359540993;Presentación de oferta;LAS CEIBAS EMPRESAS PUBLICAS DE NEIVA E.S.P.;12/02/2024 1:25:09 PM ((UTC-05:00) Bogotá, Lima, Quito);;CO1.NTC.5638591;-;Prestación de servicios;Regla aplicable;6 días para terminar (14/05/2024 11:59:00 PM(UTC-05:00) Bogotá, Lima, Quito);CONTRATAR LA PRESTACIÓN DEL SERVICIO ESPECIALIZADO DE CONTACT CENTER A TRAVES DE OUTSOURCING, PARA ATENDER Y GESTIONAR LAS COMUNICACIONES CON LOS SUSCRIPTORES DEL AREA DE COBERTURA DE LAS CEIBAS EMPRESAS PÚBLICAS DE NEIVA E.S.P., CONTROL DE LA SALA DE ATENCIÓN AL USUARIO, GESTION PERSUASIVA DE CARTERA Y MANEJO DEL PROCEDIMIENTO DE CUENTAS NUEVAS;1612000000;43231501 - Software de mesa de ayuda o centro de llamadas (call center);1
1272;INVITACIÓN A COTIZAR No. 2024-0075; ; ; ; ;0;Presentación de oferta;INSTITUTO NACIONAL DE CANCEROLOGIA ESE;12/03/2024 2:58:04 PM ((UTC-05:00) Bogotá, Lima, Quito);;CO1.NTC.5823902;-; ; ; ; ;0;;
